duration,depth,scramble,is_solved,solve_steps,sol_len_naive,sol_len_bfs,tree_depth_max,tree_depth_mean
0.00268,1,10,1,1,1,1,1,1
0.000489,1,1,1,1,1,1,1,1
0.000442,1,0,1,1,1,1,1,1
0.00044,1,11,1,1,1,1,1,1
0.000426,1,4,1,1,1,1,1,1
0.000438,1,3,1,1,1,1,1,1
0.000421,1,3,1,1,1,1,1,1
0.000425,1,2,1,1,1,1,1,1
0.000438,1,11,1,1,1,1,1,1
0.00042,1,1,1,1,1,1,1,1
0.000451,1,10,1,1,1,1,1,1
0.000437,1,11,1,1,1,1,1,1
0.000425,1,8,1,1,1,1,1,1
0.000437,1,1,1,1,1,1,1,1
0.000446,1,9,1,1,1,1,1,1
0.000659,1,6,1,1,1,1,1,1
0.000472,1,0,1,1,1,1,1,1
0.00042,1,0,1,1,1,1,1,1
0.000429,1,1,1,1,1,1,1,1
0.000432,1,3,1,1,1,1,1,1
0.001062,2,3 8,1,2,2,2,2,1.5
0.001431,2,0 8,1,3,2,2,2,1.6875
0.001355,2,11 10,1,3,2,2,2,1.6875
0.00133,2,8 6,1,3,2,2,2,1.6875
0.001335,2,7 9,1,3,2,2,2,1.6875
0.001324,2,0 2,1,3,2,2,2,1.6875
0.001327,2,6 5,1,3,2,2,2,1.6875
0.00134,2,2 3,1,3,2,2,2,1.6875
0.001328,2,1 1,1,3,2,2,2,1.6875
0.001354,2,1 5,1,3,2,2,2,1.6875
0.001342,2,9 4,1,3,2,2,2,1.6875
0.001315,2,11 7,1,3,2,2,2,1.6875
0.001334,2,1 6,1,3,2,2,2,1.6875
0.000905,2,8 4,1,2,2,2,2,1.5
0.001491,2,9 5,1,3,2,2,2,1.6875
0.001346,2,3 11,1,3,2,2,2,1.6875
0.001336,2,0 10,1,3,2,2,2,1.6875
0.001316,2,4 1,1,3,2,2,2,1.6875
0.001339,2,1 6,1,3,2,2,2,1.6875
0.001327,2,7 10,1,3,2,2,2,1.6875
0.004511,3,2 5 5,1,7,3,3,3,2.4125
0.003398,3,11 10 10,1,6,3,3,3,2.314285714
0.003823,3,10 2 11,1,6,3,3,3,2.209677419
0.002281,3,7 6 4,1,4,3,3,3,2.261904762
0.004829,3,8 3 10,1,8,3,3,3,2.377777778
0.01645,3,0 5 6,1,23,17,3,4,2.948275862
0.021195,3,10 7 2,1,31,29,3,5,3.572222222
0.000533,3,7 0 1,1,1,1,1,1,1
0.002251,3,2 10 2,1,5,3,3,3,2.230769231
0.00273,3,9 1 6,1,6,3,3,3,2.209677419
0.025958,3,7 8 4,1,39,31,3,6,3.675115207
0.01897,3,2 1 10,1,30,25,3,6,3.593548387
0.003303,3,1 5 4,1,7,3,3,3,2.4125
0.002795,3,9 1 1,1,6,3,3,3,2.171428571
0.00231,3,8 10 7,1,5,3,3,3,2.230769231
0.002265,3,4 8 9,1,5,3,3,3,2.183333333
0.003028,3,8 11 11,1,6,3,3,3,2.314285714
0.003219,3,6 10 10,1,7,3,3,3,2.4125
0.003213,3,7 3 3,1,7,3,3,3,2.4125
0.000479,3,9 8 3,1,1,1,1,1,1
0.003798,4,9 0 1 11,1,8,4,4,4,2.670731707
0.005262,4,1 0 5 1,1,11,4,4,4,2.607142857
0.004233,4,7 3 8 11,1,9,4,4,4,2.717391304
0.249011,4,7 6 3 1,1,336,4,4,11,7.033026247
0.011935,4,2 4 4 9,1,23,4,4,5,3.617088608
0.112531,4,4 0 1 10,1,193,4,4,9,5.667447307
0.116883,4,10 8 5 0,1,148,16,4,10,6.688267993
0.005639,4,9 9 10 5,1,11,4,4,4,2.942307692
0.003241,4,3 8 7 11,1,7,4,4,4,3.05
0.015903,4,4 8 10 10,1,29,8,4,7,4.077419355
0.003724,4,7 6 10 9,1,8,4,4,4,2.911111111
0.003599,4,7 6 3 2,1,8,4,4,4,2.426829268
0.002714,4,1 6 3 2,1,6,4,4,4,2.6625
0.019931,4,0 8 3 1,1,34,22,4,6,4.12962963
0.004783,4,2 11 7 7,1,10,4,4,4,2.907692308
0.05722,4,8 7 10 3,1,73,4,4,8,4.934094903
0.003414,4,7 0 5 4,1,7,4,4,4,2.6
0.003757,4,11 11 8 9,1,8,4,4,4,3.054545455
0.001382,4,6 7 0 5,1,3,2,2,2,1.6875
0.009756,4,10 6 11 2,1,20,4,4,5,3.420792079
0.57881,5,0 1 10 6 2,1,598,25,7,12,8.073983074
0.072174,5,9 7 4 0 3,1,85,23,7,8,5.571196535
1.411456,5,9 0 11 9 4,1,1401,67,7,13,8.630609935
0.021581,5,3 6 9 0 0,1,30,23,5,6,4.137254902
0.018821,5,6 8 11 3 8,1,36,5,5,7,4.37254902
0.039033,5,6 4 1 6 5,1,60,15,5,9,5.816901408
0.021929,5,5 5 10 2 3,1,41,5,5,6,4.381284916
0.014925,5,9 5 10 5 2,1,27,5,5,7,5.086538462
0.009152,5,7 7 0 0 5,1,18,5,5,5,3.835025381
0.034926,5,6 7 9 8 11,1,65,5,5,7,5.076646091
0.012215,5,6 6 5 10 9,1,24,5,5,5,3.496332518
0.002462,5,4 4 11 10 9,1,4,3,3,3,2.023809524
0.033607,5,1 9 10 2 5,1,66,5,5,7,4.075231481
0.006705,5,0 5 4 2 3,1,13,5,5,5,3.545918367
0.037244,5,2 2 1 4 1,1,70,5,5,7,5.149842271
0.012817,5,7 3 8 3 4,1,23,7,5,8,4.856115108
0.02185,5,2 3 2 4 0,1,39,7,7,7,5.133237822
0.009804,5,3 7 5 0 0,1,20,5,5,5,3.40952381
0.021958,5,3 0 5 1 11,1,42,9,5,7,4.344884488
0.018285,5,8 11 9 8 6,1,37,5,5,6,3.718816068
1.709156,6,0 10 8 9 11 2,1,1370,54,10,13,7.716753716
2.50237,6,0 4 9 9 1 5,1,2048,42,8,15,8.258482399
0.009188,6,5 4 4 9 4 8,1,9,4,4,4,2.717391304
0.166302,6,0 4 2 11 2 3,1,302,6,6,9,6.229790243
0.737626,6,10 2 7 5 3 10,1,1004,12,8,13,7.545079284
0.176703,6,8 11 0 3 6 5,1,159,20,8,9,6.022481503
0.032304,6,4 11 11 4 2 2,1,63,6,6,6,4.533956386
0.072371,6,10 10 11 7 0 4,1,134,6,6,10,5.432599119
0.028359,6,3 3 6 11 8 11,1,51,12,6,8,4.927631579
0.447912,6,10 9 7 3 1 0,1,356,94,6,10,6.520842225
0.015249,6,6 2 9 0 2 3,1,26,18,4,7,4.321766562
0.058598,6,7 8 6 10 1 10,1,76,28,6,9,5.602430556
0.023502,6,7 2 10 2 9 0,1,42,20,6,9,6.093698176
0.004352,6,9 1 0 8 10 5,1,9,4,4,4,2.83
0.183917,6,9 4 4 1 1 5,1,271,6,6,9,7.538847655
0.044753,6,1 2 9 6 10 6,1,82,6,6,8,5.273080661
0.167873,6,7 11 8 9 8 5,1,208,58,6,9,6.249933985
0.159115,6,2 1 8 1 11 11,1,267,14,6,10,5.818583141
8.036465,6,3 5 4 0 8 3,1,7454,10,8,17,10.2247277
0.101466,6,10 1 6 11 8 0,1,96,36,4,7,4.361972951
0.007191,7,5 5 4 8 10 6 4,1,14,5,5,5,3.063380282
0.657077,7,7 8 8 1 11 8 10,1,693,31,9,12,7.251398293
49.604081,7,11 11 1 8 9 5 2,1,39097,51,11,19,11.37943521
3.584798,7,8 7 7 10 8 7 3,1,4347,37,11,14,8.236325966
0.615283,7,8 8 1 8 7 3 0,1,587,19,9,12,8.274918281
0.003898,7,11 11 1 9 8 3 2,1,5,3,3,3,2.230769231
2.818042,7,4 8 1 3 0 0 4,1,1986,75,7,14,8.695648908
0.006946,7,8 7 0 1 9 9 9,1,5,3,3,3,2.230769231
0.017217,7,4 11 2 0 2 4 8,1,35,5,5,5,3.207594937
6.974207,7,6 9 4 7 9 0 2,1,7695,39,9,15,9.433365864
1.865849,7,8 0 2 1 10 8 10,1,1223,95,7,13,8.045307688
0.943101,7,4 7 7 8 11 11 10,1,1127,5,5,13,8.283517945
4.949649,7,1 0 1 6 11 2 6,1,4113,37,9,17,10.3635256
0.044049,7,11 10 2 3 4 11 3,1,58,5,5,7,4.116710875
0.299145,7,8 6 1 11 8 9 2,1,362,11,5,12,7.666592361
10.382574,7,6 8 7 4 0 4 2,1,5212,127,11,16,10.76054627
0.058396,7,8 11 3 5 7 3 3,1,63,13,7,8,5.481184948
0.306716,7,3 11 7 2 0 3 3,1,423,15,7,12,6.402961184
0.549229,7,6 8 8 6 7 2 0,1,776,33,7,11,6.931953146
0.885894,7,1 1 9 9 2 11 6,1,1144,15,9,13,8.46171446
3.389158,8,9 10 1 11 9 11 3 10,1,3937,16,8,16,9.040548364
21.51041,8,10 10 2 2 5 7 0 4,1,14452,6,6,18,11.29879101
0.469928,8,3 3 0 1 1 1 8 4,1,437,4,4,11,7.738979349
2.8836,8,4 8 4 3 5 0 7 4,1,3235,18,10,15,9.932474783
130.309286,8,6 4 4 1 8 0 2 4,1,88488,46,12,20,12.45207022
0.739331,8,4 11 8 5 4 5 7 6,1,606,20,6,13,8.05540951
0.244813,8,3 6 3 4 0 9 10 1,1,331,38,8,10,6.392845089
0.739009,8,6 1 4 2 2 10 7 4,1,936,6,6,12,7.618167693
0.007052,8,5 7 0 8 1 5 1 11,1,9,4,4,4,2.717391304
0.424426,8,11 7 7 8 3 3 6 8,1,645,6,6,11,7.226304107
6.532882,8,1 5 2 7 7 11 1 1,1,5754,98,8,16,10.13676155
15.13132,8,5 3 11 3 6 2 5 9,1,13033,36,8,19,11.10894759
8.632752,8,7 8 1 4 1 1 9 5,1,8017,22,8,18,10.28759894
6.065116,8,9 8 5 1 1 8 11 6,1,6595,30,10,15,9.060346053
211.962365,8,5 2 1 0 4 6 5 9,0,100001,-1,-1,21,14.02161555
0.35702,8,3 3 8 3 3 7 9 0,1,16,4,4,4,2.944444444
12.722051,8,11 6 11 11 7 5 8 10,1,14071,38,10,17,10.87002061
0.262917,8,0 5 7 4 4 5 9 10,1,264,6,6,11,6.399351308
0.423539,8,6 8 5 7 5 3 3 6,1,706,16,8,12,6.94820577
0.248853,8,4 7 9 9 10 11 3 10,1,425,18,8,11,6.076601186
82.910144,9,7 7 9 8 0 5 3 0 4,1,52801,51,13,20,12.64724334
2.631561,9,0 8 3 10 7 3 3 11 3,1,2636,23,9,16,9.500972275
117.279003,9,1 9 1 1 8 0 9 4 5,1,63438,133,15,21,13.0643063
9.729948,9,5 8 9 9 10 1 10 3 10,1,9395,19,7,19,10.06695649
0.153095,9,1 4 4 2 4 9 11 7 7,1,199,19,7,9,6.042547897
4.468847,9,0 0 1 3 7 5 4 8 3,1,5237,11,7,15,9.247852563
2.586425,9,3 1 10 11 9 7 11 11 6,1,2929,33,9,14,8.55502287
2.759077,9,4 3 6 10 3 6 2 5 5,1,3500,13,9,15,8.906133419
9.075371,9,0 3 4 3 2 6 5 1 5,1,7141,27,13,15,9.257718987
0.368282,9,11 10 6 6 1 10 1 2 9,1,365,5,5,11,7.136078874
0.014492,9,2 10 9 8 3 10 11 4 1,1,21,11,5,6,4.286363636
0.082801,9,6 11 11 10 2 7 2 3 8,1,148,15,7,10,6.293132328
0.232251,9,10 0 4 7 0 10 2 10 5,1,251,33,5,11,7.73279419
0.122602,9,3 3 3 10 9 9 0 11 4,1,164,23,5,10,5.752790545
0.110344,9,1 0 8 0 7 6 8 10 5,1,196,5,5,8,5.340163934
0.647756,9,7 7 10 8 8 11 7 9 6,1,927,9,9,12,8.308654725
4.485407,9,9 6 11 10 8 10 6 1 6,1,4986,11,9,17,9.555223174
0.480778,9,5 2 7 6 1 11 3 11 1,1,433,17,7,11,7.300436495
4.630875,9,5 2 0 2 5 4 5 7 5,1,3679,13,9,15,10.11371149
73.749493,9,7 11 7 3 11 1 8 10 0,1,49309,29,13,23,12.55486003
19.15333,10,11 3 3 6 6 6 5 6 11 4,1,14160,152,8,19,11.75382922
186.219764,10,0 11 3 11 11 6 6 10 8 11,1,86919,158,16,22,13.62980918
2.445604,10,10 9 9 9 9 0 11 1 8 11,1,2202,6,6,16,8.687299461
0.198566,10,7 8 4 2 11 11 1 2 9 11,1,270,22,6,10,6.230259099
0.098314,10,0 1 9 11 9 7 10 1 9 2,1,128,50,8,11,6.742172611
39.907264,10,5 6 7 2 0 10 9 9 11 10,1,23683,62,10,18,10.81919952
13.244656,10,11 3 10 0 7 2 0 3 5 8,1,5969,22,6,19,10.7660126
0.266068,10,11 4 8 4 7 10 0 2 11 4,1,410,18,10,11,7.226898295
0.003023,10,10 5 4 1 5 8 3 1 0 1,1,3,2,2,2,1.6875
0.641726,10,4 2 11 7 9 2 10 5 1 5,1,594,36,8,13,8.283589101
0.400276,10,3 3 7 10 5 4 4 11 3 0,1,521,46,8,13,7.805905156
1.724097,10,2 0 7 4 11 1 0 7 3 10,1,1115,114,6,14,9.442473996
4.912763,10,7 5 2 6 1 4 1 8 9 7,1,5726,30,10,15,8.802317091
88.457916,10,1 4 8 4 0 5 3 3 1 8,1,52174,80,14,19,12.01316201
1.275085,10,0 10 7 2 2 7 3 5 8 3,1,1283,66,10,14,7.939809198
49.291704,10,11 8 1 2 6 2 1 4 3 2,1,30360,138,10,20,12.28568517
4.837184,10,8 0 11 0 1 11 6 7 8 3,1,5443,26,10,16,9.117357369
0.447839,10,3 0 7 7 9 6 10 2 9 2,1,498,116,8,12,7.432847276
2.037985,10,11 10 5 5 3 11 10 7 10 6,1,1585,26,6,13,7.936506135
16.534958,10,8 1 11 9 11 4 4 8 8 0,1,16531,28,12,18,10.1845159
0.285629,11,4 4 11 11 7 0 4 8 7 3 7,1,423,33,9,10,6.469795079
9.520052,11,6 5 10 3 1 1 9 5 8 5 3,1,10343,21,13,17,10.01781305
64.34351,11,0 4 9 0 4 11 0 8 9 11 10,1,41210,111,9,19,11.6688189
1.370744,11,10 6 6 1 11 10 0 5 3 8 7,1,1438,9,5,14,8.30147485
6.803595,11,5 7 0 2 5 2 1 3 4 1 6,1,8212,7,7,17,9.648514166
0.259802,11,7 5 7 0 8 1 8 9 6 9 2,1,370,13,7,11,6.951245414
0.091314,11,7 7 6 4 8 1 1 0 1 6 8,1,100,35,5,7,4.451634877
12.463012,11,6 7 6 8 7 3 4 9 6 5 8,1,9367,81,11,16,10.03000256
1.807094,11,0 5 8 4 4 6 1 3 5 3 5,1,2319,43,7,13,8.280261765
4.725653,11,11 1 10 2 10 8 1 6 1 8 6,1,4731,95,13,15,9.620655599
44.761359,11,6 1 10 2 2 4 7 2 1 11 7,1,16825,89,9,17,9.849049961
30.437244,11,6 1 10 8 11 1 11 8 3 3 7,1,21269,43,15,18,11.75255897
43.329248,11,7 2 6 7 3 2 9 10 7 10 1,1,22922,85,11,18,11.09043902
55.474734,11,7 2 7 2 3 10 3 8 10 6 3,1,39109,45,9,19,11.61115546
1.243428,11,6 2 0 4 1 1 10 6 8 8 0,1,1129,19,7,13,7.24094998
0.181177,11,4 4 11 9 7 3 2 3 0 8 9,1,218,29,9,10,6.520825122
23.313165,11,9 4 8 3 5 0 2 7 11 3 5,1,19637,89,9,19,11.29756945
9.250723,11,8 7 3 0 5 1 6 3 2 5 7,1,6533,91,9,18,11.61882469
14.166024,11,6 4 2 0 11 6 7 6 1 4 7,1,14761,69,11,17,10.07183801
1.599486,11,8 6 7 6 5 2 3 3 5 1 2,1,2287,41,11,15,8.428959287
106.575073,12,6 8 3 2 6 2 7 11 1 11 1 2,1,63607,98,16,22,12.64256076
7.97323,12,4 7 7 2 1 10 0 3 5 9 1 8,1,6005,50,10,16,10.92039959
3.309468,12,11 9 10 9 7 3 7 2 0 5 0 2,1,2198,58,8,14,9.075961916
5.079352,12,1 6 2 1 0 9 10 8 11 4 6 7,1,4646,6,6,16,9.619677869
0.534733,12,11 0 10 3 2 2 10 10 9 7 0 4,1,483,20,8,12,7.706367196
25.552402,12,3 10 2 4 5 1 4 6 9 6 1 5,1,23954,56,14,17,10.51255813
32.745241,12,6 3 4 9 4 0 3 11 4 9 0 5,1,25553,126,12,19,12.18066197
85.817793,12,0 3 6 4 1 2 7 5 2 6 10 5,1,54198,32,14,20,12.30948857
0.973338,12,8 7 3 2 11 6 11 4 7 2 1 2,1,914,80,6,13,7.554895877
147.045817,12,6 11 7 8 3 0 10 1 10 0 9 1,0,100001,-1,-1,21,13.8410473
2.397073,12,4 9 2 9 7 10 5 1 9 4 9 2,1,2190,20,8,15,9.388043009
68.036584,12,11 0 8 6 1 2 5 6 1 1 6 3,1,40779,156,14,18,11.79546058
6.166017,12,1 2 10 11 3 10 3 0 1 6 10 8,1,2689,100,10,15,8.851445563
7.031307,12,10 5 6 1 0 8 10 6 2 0 10 5,1,4147,90,8,17,10.44725659
7.274672,12,2 5 9 5 5 10 3 6 1 11 4 6,1,5432,14,6,16,10.62184407
7.995514,12,6 10 10 8 5 2 9 8 10 2 6 4,1,8981,58,10,18,10.73960186
26.702976,12,3 0 5 8 0 0 8 3 0 9 5 8,1,24904,42,16,17,10.88721798
12.256408,12,5 2 9 9 4 2 5 1 2 4 0 9,1,7146,226,12,17,9.87818722
56.118927,12,11 11 2 0 7 2 5 5 7 6 8 10,1,41832,132,10,20,12.01302845
5.846566,12,2 2 1 9 4 6 7 3 8 10 0 2,1,6910,48,10,16,9.568002441
23.989935,13,0 5 7 2 7 5 0 9 2 11 3 5 2,1,18709,61,9,19,10.94964133
9.548165,13,5 1 0 2 9 10 1 6 9 9 4 8 10,1,7724,7,7,16,10.45970489
4.939836,13,1 3 11 8 3 2 11 6 5 4 9 2 6,1,6180,39,9,20,9.612919926
7.469015,13,8 9 1 11 0 8 10 2 1 3 8 11 1,1,5912,43,11,17,9.675382643
119.426734,13,11 2 4 9 4 2 10 0 3 2 9 7 5,0,100001,-1,-1,22,13.08921173
6.37809,13,0 3 6 7 11 1 10 11 4 11 4 7 7,1,6782,79,11,15,8.948256701
49.485927,13,4 7 2 5 8 7 10 5 0 9 0 11 7,1,28140,53,15,19,12.14669471
4.305943,13,2 10 3 4 1 4 9 10 10 2 0 7 11,1,3816,29,7,15,8.317793131
58.429995,13,0 1 3 11 4 7 6 2 0 5 2 4 6,1,46071,47,13,21,11.67815762
9.671126,13,7 2 10 11 7 5 0 4 7 10 9 7 3,1,8036,17,11,17,10.5373286
57.47128,13,10 7 7 7 5 1 3 0 3 7 4 6 2,1,28836,39,13,18,11.95765534
8.401796,13,4 5 10 5 6 8 10 0 8 7 11 8 0,1,8563,91,11,17,10.14544057
2.72694,13,2 10 2 4 1 11 6 4 4 8 3 7 0,1,2257,21,9,14,9.209021232
15.064994,13,10 10 2 7 9 1 9 6 11 6 3 2 6,1,15714,45,13,16,9.890724208
26.239601,13,9 9 6 7 6 8 5 0 5 6 6 8 4,1,17110,121,11,18,11.02415363
25.079432,13,10 8 4 7 6 6 10 9 4 3 2 5 4,1,19832,75,11,17,10.70093721
197.699623,13,2 9 10 2 7 9 9 5 3 1 10 0 11,0,100001,-1,-1,20,12.6701175
110.458067,13,1 1 5 10 3 7 7 3 3 1 9 0 0,1,59310,97,9,21,13.3217183
5.023035,13,9 11 2 2 2 0 2 10 2 9 2 1 2,1,3770,11,11,17,10.28493874
42.866592,13,10 10 5 1 0 0 3 10 7 3 10 9 8,1,35251,75,9,21,11.94392651
45.382131,14,5 6 2 6 8 0 8 10 2 0 1 1 3 8,1,32976,228,10,19,11.34394942
3.419987,14,9 7 7 6 8 4 9 11 3 7 3 7 9 2,1,3203,26,10,15,8.898111912
78.710475,14,9 0 10 10 2 7 10 1 9 2 2 2 3 0,1,49496,130,12,20,12.52138541
143.003644,14,11 6 5 6 3 7 2 11 7 5 2 5 6 6,1,94017,82,12,21,13.46736688
25.517214,14,11 4 11 2 3 8 4 2 11 7 10 2 3 1,1,22074,44,10,20,11.87160736
0.333978,14,6 3 11 10 0 7 8 6 7 2 1 2 0 1,1,372,16,8,11,6.119378428
9.789771,14,8 4 9 2 11 9 4 6 7 4 7 6 5 5,1,11244,122,12,15,9.670675775
192.861524,14,0 3 2 3 7 2 0 4 4 8 4 9 11 0,0,100001,-1,-1,22,12.99459672
77.374734,14,9 1 8 6 10 7 3 1 10 2 1 1 9 0,1,36127,58,12,19,11.41918903
24.376012,14,4 9 5 9 10 3 11 8 11 3 8 6 4 8,1,18707,46,12,19,11.37516861
55.685308,14,7 7 11 10 11 1 11 0 7 8 6 4 0 0,1,37574,106,18,21,12.4359616
26.975183,14,11 0 8 10 0 8 10 2 6 10 11 4 8 7,1,23910,28,14,18,10.94954093
0.172643,14,8 10 0 7 2 0 9 8 11 11 10 5 4 11,1,145,6,6,10,6.054850594
10.211652,14,1 8 7 10 10 9 7 3 2 11 10 5 10 6,1,9337,36,10,18,11.8003038
0.951167,14,1 6 7 0 10 9 4 2 10 5 4 4 2 3,1,1170,82,8,13,7.858318833
0.77092,14,4 1 9 7 3 11 2 3 11 6 6 9 9 1,1,960,46,10,13,8.901315136
7.71793,14,7 6 8 5 4 9 6 11 7 2 2 11 10 8,1,7459,28,10,15,9.818859703
9.435496,14,7 10 2 7 0 2 10 7 8 1 4 11 8 10,1,10462,26,10,17,10.24548057
2.009413,14,11 2 0 2 3 3 6 8 8 3 2 1 1 10,1,2592,10,10,14,8.747075282
3.418115,14,4 2 11 10 11 0 0 8 6 7 3 11 11 7,1,4853,28,12,14,9.043923025
13.194359,15,1 0 9 10 0 0 1 5 4 7 5 5 3 3 7,1,10265,29,11,17,10.57005955
180.305383,15,3 0 8 7 11 9 0 1 2 3 4 3 3 0 2,0,100001,-1,-1,22,12.94778835
17.285544,15,1 5 10 11 8 5 10 3 10 3 7 7 7 0 8,1,14328,57,13,20,10.7572864
28.997554,15,2 2 9 10 11 9 8 4 8 10 11 10 0 3 8,1,28341,65,11,18,10.81146567
32.560614,15,4 7 8 7 3 4 1 6 11 8 0 2 0 9 8,1,26101,79,13,17,11.16311459
39.203055,15,2 5 3 4 5 5 2 4 4 8 6 8 3 6 3,1,37680,79,13,18,11.48370184
41.050194,15,8 5 10 8 1 9 6 4 6 7 3 2 6 10 1,1,25482,129,15,20,12.67035949
17.810874,15,11 9 0 8 5 10 8 10 5 7 2 10 0 3 8,1,14250,97,11,20,10.2287836
1.820817,15,0 0 2 5 1 11 4 0 7 7 8 0 0 7 7,1,2639,15,9,14,8.000944605
9.705818,15,9 10 11 0 5 8 6 5 3 7 11 8 10 10 5,1,9766,111,11,17,9.585389944
8.072379,15,7 0 7 7 11 10 5 2 6 5 8 4 1 0 11,1,8774,39,7,17,9.654444603
0.045944,15,9 4 7 5 10 3 11 0 4 3 3 3 10 0 8,1,35,7,7,7,4.449367089
35.946324,15,7 0 4 2 11 8 4 11 3 2 10 5 10 8 0,1,27183,109,11,21,12.81956377
91.221742,15,8 7 0 11 8 11 10 3 7 3 7 8 5 9 9,1,64327,53,11,18,11.63617396
36.280101,15,11 3 7 10 3 5 6 4 2 5 4 4 9 9 10,1,31305,163,11,19,10.92682266
3.954069,15,0 10 9 8 6 8 7 0 5 3 4 6 3 11 4,1,2777,101,11,15,9.301371571
0.44174,15,1 1 6 5 10 10 9 10 8 6 3 5 7 8 3,1,515,5,5,12,7.283857335
0.035607,15,9 11 8 10 7 11 3 5 0 11 9 10 9 11 6,1,70,5,5,8,4.055093555
64.662196,15,3 3 8 4 9 4 2 11 3 6 4 0 1 1 2,1,48847,31,11,19,12.00181611
78.986011,15,9 5 2 11 0 11 2 0 10 0 4 0 4 3 4,1,51589,67,17,20,12.23196609
24.3718,16,8 0 7 7 4 9 11 11 11 4 6 8 9 8 3 5,1,23333,48,10,17,10.95719051
162.174144,16,7 10 3 6 3 11 9 8 8 9 9 10 3 2 2 1,0,100001,-1,-1,22,13.29201853
13.855009,16,11 7 0 5 9 6 1 5 9 8 3 7 3 3 7 9,1,12654,26,10,18,10.44132925
3.822528,16,10 7 8 0 2 5 5 4 1 8 8 3 10 0 4 6,1,3758,44,14,17,9.774013648
90.21616,16,3 7 7 11 2 7 10 8 9 9 7 3 1 2 1 10,1,49939,40,12,23,12.28816253
0.308721,16,5 8 0 5 10 11 8 3 1 6 1 0 10 5 10 5,1,190,16,4,10,5.960561858
107.211988,16,11 10 10 2 2 5 5 2 6 6 2 3 10 2 3 11,0,100001,-1,-1,19,11.54018963
4.308165,16,11 9 1 11 4 3 2 3 8 4 9 4 1 0 5 1,1,3293,46,12,16,9.428739329
45.380649,16,9 6 11 2 11 2 2 6 8 3 5 3 2 1 11 9,1,34124,10,8,20,11.43757377
11.963171,16,6 9 5 10 11 0 10 8 7 0 9 1 6 7 9 2,1,11372,24,8,18,10.91475802
131.273092,16,11 11 9 9 10 6 6 1 4 4 0 9 11 9 10 10,1,66637,36,14,21,13.15780027
4.33252,16,9 7 8 7 2 10 11 4 0 8 6 6 11 2 2 11,1,4213,24,8,15,8.981786928
18.222093,16,11 1 4 3 5 6 6 6 7 2 4 3 6 11 11 7,1,13894,40,8,18,11.09911001
33.664824,16,0 0 3 0 1 1 0 11 4 11 6 5 4 2 1 2,1,26366,28,10,20,11.63834054
126.402835,16,7 9 9 6 9 0 8 0 11 1 3 2 6 10 0 4,1,68859,70,12,21,13.01016293
294.677679,16,1 5 8 9 9 2 10 10 0 0 5 7 7 2 6 11,0,100001,-1,-1,21,13.0047015
126.93183,16,5 2 0 2 5 1 2 2 5 10 0 10 6 3 1 8,1,90703,60,14,20,12.87128394
14.443939,16,10 8 7 5 8 9 0 0 7 0 11 1 6 6 3 0,1,9105,138,8,15,9.867975094
57.556496,16,1 0 8 5 9 7 0 9 1 3 1 8 1 6 9 4,1,56179,60,16,18,11.37201279
16.451583,16,4 8 3 1 6 1 0 3 1 6 7 6 9 1 9 2,1,8905,48,8,20,11.93347534
28.770152,17,9 7 8 1 9 5 4 6 9 0 9 7 2 2 5 6 2,1,16590,135,13,22,13.89529221
185.359868,17,5 2 2 9 7 8 4 2 10 0 5 5 5 2 6 1 6,1,93601,57,11,21,12.83104551
140.064462,17,6 10 8 0 3 11 7 7 8 11 9 1 5 8 4 6 4,0,100001,-1,-1,20,12.56565484
55.067295,17,9 2 2 5 3 8 10 5 6 1 1 6 1 8 4 7 5,1,35919,45,9,20,12.10491971
8.029159,17,0 11 8 4 5 9 5 1 10 5 9 11 2 5 6 8 8,1,6848,31,11,16,9.777433798
27.154652,17,0 11 0 4 1 6 4 3 3 10 11 2 1 8 11 8 8,1,25136,31,9,19,10.62788106
9.345598,17,2 5 7 5 2 0 3 1 10 10 6 11 1 5 7 6 9,1,8079,45,11,18,10.78445856
121.982228,17,6 7 6 1 0 9 1 10 6 9 1 2 6 3 6 3 11,1,78942,81,13,23,12.5334019
36.148696,17,5 1 6 10 9 4 11 11 1 8 6 9 5 3 0 11 1,1,21909,163,13,20,12.29412219
6.667922,17,6 6 8 11 9 10 11 10 11 10 9 2 7 8 11 3 5,1,3596,91,13,16,10.12544559
127.513212,17,0 11 4 0 11 8 10 11 3 2 6 9 1 4 1 10 5,0,100001,-1,-1,19,12.30633452
128.454771,17,11 0 2 5 6 2 3 10 8 4 9 7 0 2 5 0 8,1,83692,113,13,22,12.55390429
53.617153,17,6 10 11 1 2 1 3 7 5 10 7 7 3 0 1 5 0,1,47421,25,13,19,11.35122001
179.119224,17,3 3 0 4 9 4 5 5 4 8 0 4 7 2 7 2 1,1,72804,27,15,19,12.26700714
20.79133,17,3 4 9 0 0 0 5 6 1 0 5 1 8 8 7 3 5,1,15196,11,11,16,10.64130077
139.36733,17,7 9 4 5 0 9 1 1 4 0 1 11 6 10 0 1 9,0,100001,-1,-1,22,13.05858284
0.456685,17,7 4 8 9 1 3 1 1 6 4 4 2 11 1 3 4 1,1,169,19,7,9,5.523539928
2.688263,17,5 9 7 8 7 2 1 8 5 1 3 2 9 11 0 3 8,1,3786,17,9,13,8.591246757
37.878255,17,0 4 8 0 5 5 2 11 10 10 9 0 0 2 11 9 9,1,30398,55,13,20,12.21171312
23.409167,17,4 3 2 4 9 0 10 1 9 10 6 11 11 0 8 0 0,1,19195,93,13,19,10.57929078
8.14994,18,7 0 9 9 2 3 4 2 2 7 9 11 2 10 9 6 8 7,1,8641,60,12,18,10.02943305
18.167667,18,0 1 0 0 8 10 7 9 11 11 3 11 11 0 1 9 8 5,1,15302,18,10,22,12.04572242
165.010602,18,7 4 0 2 10 1 10 6 5 4 6 10 7 9 6 5 8 5,0,100001,-1,-1,20,12.09658931
119.5541,18,5 5 4 11 2 2 4 1 0 9 5 2 2 4 9 7 7 6,1,52929,80,14,25,13.99289109
10.114748,18,6 9 0 10 8 5 8 0 7 8 6 4 6 10 5 10 3 8,1,10828,60,12,16,9.987203508
16.032801,18,6 9 5 7 6 5 0 4 5 2 2 2 5 6 3 3 7 5,1,11531,82,10,18,11.30480021
90.495953,18,10 5 3 5 7 2 2 11 4 8 6 5 4 9 9 5 10 9,1,61524,34,12,20,11.91656558
1.975666,18,10 8 8 1 8 3 5 10 9 2 1 1 3 10 0 4 3 4,1,2283,10,8,13,8.048004875
57.143622,18,2 6 6 1 2 4 5 9 2 9 10 9 4 2 11 8 8 0,1,42287,38,14,20,11.1418964
100.974975,18,3 5 0 2 5 8 6 7 8 0 0 2 0 2 5 3 1 5,1,60303,50,16,21,12.63898764
115.598073,18,7 7 3 6 11 4 1 5 8 9 10 1 4 2 6 1 3 5,1,69962,26,12,19,12.38769043
56.311613,18,3 6 3 4 7 6 8 9 5 1 2 0 5 8 5 9 7 6,1,44401,94,16,22,13.42958549
24.334215,18,1 0 11 9 10 5 1 4 3 4 4 4 11 9 0 11 11 8,1,23086,26,14,20,12.11486941
25.542593,18,0 9 4 3 3 5 1 2 9 9 10 9 1 11 3 8 4 4,1,15025,32,12,20,12.60863251
1.485037,18,8 8 7 11 2 1 6 9 2 3 4 7 10 8 8 7 11 8,1,1205,112,10,14,8.470297584
0.143637,18,2 3 7 5 10 3 1 10 3 10 5 2 9 2 7 11 6 6,1,198,22,8,9,6.036448598
178.589401,18,8 9 10 0 4 4 2 4 6 11 1 10 7 0 0 8 4 3,0,100001,-1,-1,21,12.69086693
43.869471,18,4 6 7 6 8 7 10 8 0 9 11 9 5 2 9 0 3 2,1,37822,90,12,21,11.88550681
207.864743,18,5 4 8 8 0 7 9 0 3 1 9 6 9 8 0 10 7 11,0,100001,-1,-1,22,12.94760561
11.132098,18,7 2 3 0 7 11 1 5 7 3 1 3 10 7 10 5 5 10,1,6230,14,12,17,11.89356874
257.659969,19,1 3 1 8 0 11 4 2 9 6 5 0 0 1 2 0 0 11 4,0,100001,-1,-1,21,12.60985879
157.470259,19,4 7 3 10 11 10 5 5 6 5 5 1 3 11 7 7 9 11 4,0,100001,-1,-1,20,12.54498775
15.257934,19,7 4 5 4 4 4 5 6 9 2 9 6 3 6 7 5 4 6 7,1,13853,17,9,19,11.16962618
17.802169,19,11 8 11 9 10 6 3 3 2 7 10 5 4 11 4 6 7 6 9,1,17609,43,9,18,10.58941769
129.269973,19,9 1 9 2 9 2 6 3 3 1 9 11 0 5 9 4 0 5 1,1,69030,35,9,22,12.43814924
184.75295,19,0 1 8 5 3 7 3 10 3 11 3 6 2 0 11 0 7 0 5,0,100001,-1,-1,21,12.44447147
39.351127,19,4 4 5 2 5 8 10 5 5 8 8 0 11 4 11 2 6 1 11,1,28401,81,13,19,12.01117413
75.313763,19,10 9 0 3 1 4 8 3 4 8 8 0 10 7 5 7 10 3 1,1,53974,195,13,19,12.30519178
11.936506,19,9 7 4 8 3 11 9 6 3 5 5 4 7 2 1 10 11 8 8,1,8980,23,11,16,10.51673206
142.401445,19,11 8 10 3 7 3 10 0 5 8 1 8 7 4 8 8 7 6 6,0,100001,-1,-1,20,11.99703814
96.884195,19,2 0 9 0 0 0 7 11 2 9 2 1 2 9 8 4 4 6 10,1,57216,67,11,18,12.07968127
6.733844,19,3 2 5 1 3 7 0 1 10 0 2 1 5 4 9 0 0 10 6,1,4333,53,13,17,9.641402921
84.756897,19,6 1 1 1 3 11 0 7 10 0 4 5 0 9 5 10 9 7 5,1,66983,37,15,20,12.32112542
12.527186,19,6 6 8 8 9 9 5 2 2 10 10 11 3 8 10 8 8 6 6,1,12269,37,13,17,10.57113365
16.434643,19,1 0 2 9 6 7 0 1 0 8 3 1 1 10 11 10 6 5 3,1,16638,73,11,18,10.14079051
132.147756,19,1 0 11 8 10 10 1 10 9 6 4 6 1 5 0 4 11 7 8,0,100001,-1,-1,21,12.47671371
214.718696,19,0 11 0 8 4 9 5 0 10 7 5 9 11 10 10 8 6 6 3,0,100001,-1,-1,21,13.3320353
85.221076,19,6 3 4 2 9 11 0 10 3 0 1 4 1 10 5 9 5 5 8,1,61291,17,11,20,13.19507542
186.601074,19,1 10 1 4 0 3 6 9 10 6 11 8 4 0 0 4 7 6 1,0,100001,-1,-1,21,13.35521239
166.150222,19,5 8 11 3 7 8 1 9 2 5 0 2 3 8 10 7 4 5 2,0,100001,-1,-1,20,12.95399341
3.319908,20,10 11 4 8 1 11 8 9 4 0 7 2 4 4 2 9 0 9 2 4,1,3368,70,10,16,10.56773064
3.787483,20,11 11 2 9 11 8 11 8 9 0 11 7 5 6 1 1 3 1 5 6,1,4203,32,12,17,9.586179838
0.508281,20,7 0 5 5 0 7 11 1 0 2 0 1 1 4 1 10 1 5 1 9,1,717,14,12,13,8.025382895
11.250181,20,2 4 3 10 7 9 6 7 7 5 4 6 5 0 1 3 2 1 10 0,1,11693,104,14,18,10.83888699
18.559837,20,4 2 4 5 0 0 5 3 5 9 9 10 1 6 5 10 11 7 4 5,1,17499,40,14,17,10.18722101
15.493496,20,11 3 2 1 8 8 11 6 3 5 8 4 2 5 0 4 8 11 11 8,1,14199,68,12,16,9.976661003
52.738641,20,1 8 0 1 5 5 3 10 1 11 0 7 9 6 10 8 5 4 4 5,1,37134,108,12,20,12.2519962
33.331981,20,8 5 3 4 1 10 1 8 11 10 2 3 3 6 6 5 6 8 7 7,1,22664,24,10,21,13.01719174
25.328728,20,6 7 4 0 8 3 8 9 9 10 11 11 4 7 7 5 9 9 11 0,1,26246,26,10,16,10.05204051
6.79639,20,9 6 2 5 8 10 3 1 9 2 3 10 8 7 4 6 8 1 10 6,1,8056,24,12,16,9.709147971
60.039892,20,3 6 4 7 11 3 6 3 2 1 4 5 10 6 1 6 10 0 2 6,1,55579,40,12,18,11.115911
151.060321,20,4 6 4 9 9 8 6 3 6 2 6 4 2 0 10 3 10 3 2 11,1,94938,116,12,21,12.6060638
19.000496,20,11 7 11 7 2 0 4 1 0 8 11 3 4 7 2 9 9 1 4 4,1,16453,30,16,19,12.16271126
0.15177,20,8 0 2 2 11 11 10 10 2 9 0 9 1 6 2 3 8 1 3 4,1,163,10,8,9,6.036514523
116.49256,20,6 5 10 3 7 6 10 11 1 3 8 7 4 9 2 2 3 2 9 10,0,100001,-1,-1,21,12.12896598
15.385214,20,9 9 0 11 8 0 0 0 2 7 6 9 0 8 7 5 5 7 9 0,1,10347,76,12,17,11.30643726
28.244278,20,0 2 4 4 5 5 3 6 3 2 1 9 2 5 3 0 0 7 6 8,1,26868,40,10,18,11.11388359
0.251908,20,9 7 7 5 3 11 8 4 2 7 5 4 5 9 2 11 2 7 0 10,1,262,52,8,9,6.890186635
83.63938,20,2 6 4 1 2 6 6 7 7 0 4 7 0 10 3 7 5 10 1 3,1,53663,44,12,20,12.35946775
71.217557,20,7 3 6 6 1 0 8 3 10 6 6 4 6 5 5 0 9 1 9 6,1,48483,64,12,20,12.23853069
4.359958,21,6 4 0 7 0 11 8 8 10 2 10 3 11 6 10 3 11 1 4 9 11,1,5564,73,13,17,10.32353917
25.23372,21,9 4 11 2 10 2 10 1 8 11 1 6 6 2 4 3 5 9 10 2 0,1,23419,29,11,19,11.45219394
97.492541,21,2 7 0 10 6 11 0 10 3 6 7 0 0 3 1 10 1 2 1 0 4,1,59331,59,15,21,12.96808397
25.771172,21,8 4 3 4 3 7 0 8 8 11 0 1 0 4 7 10 0 3 8 7 10,1,20325,35,9,18,10.96602715
29.806826,21,11 7 11 9 0 9 0 9 6 6 3 3 5 2 7 3 3 4 8 7 0,1,24855,35,9,19,11.20163224
260.118316,21,8 4 3 2 10 9 8 4 4 2 9 1 0 1 9 4 5 2 11 11 6,0,100001,-1,-1,21,13.41271331
42.391324,21,2 5 4 5 9 11 11 1 9 8 8 6 4 4 0 10 11 4 2 6 11,1,36399,21,15,21,11.58695826
40.219354,21,1 10 3 1 1 2 4 7 6 5 2 3 6 7 9 0 0 5 10 1 1,1,24437,35,11,19,11.4933426
214.516641,21,5 0 11 0 4 8 4 5 6 8 8 4 8 1 9 4 11 10 0 4 0,1,88848,145,15,22,13.68560293
211.514218,21,8 8 8 0 9 10 2 9 0 2 7 5 7 8 9 0 9 8 7 6 8,0,100001,-1,-1,20,13.12043757
108.6918,21,6 10 10 8 5 6 10 10 1 0 9 4 4 7 4 2 0 4 7 8 9,1,78691,33,13,21,13.31261143
161.879381,21,10 11 10 7 2 6 5 9 8 11 2 2 9 0 4 2 11 6 10 5 3,0,100001,-1,-1,20,12.31295115
146.055506,21,6 4 8 8 6 3 2 0 2 5 10 10 7 7 2 3 10 5 2 2 1,0,100001,-1,-1,20,12.50068198
4.611634,21,0 4 9 1 8 3 11 0 1 2 9 2 1 11 6 1 3 0 1 8 6,1,3262,61,7,15,9.623102838
79.755503,21,8 10 5 2 2 2 9 7 9 10 3 0 8 4 6 9 0 8 7 0 7,1,55861,113,11,20,12.72584387
46.342494,21,1 4 3 2 2 3 0 9 2 7 9 11 9 6 5 2 9 2 3 7 3,1,35140,103,11,19,12.60816143
91.252257,21,3 11 0 10 10 7 11 3 3 3 4 0 2 2 9 8 11 6 6 7 10,1,49471,13,13,21,12.52823944
13.696738,21,0 11 7 3 4 5 1 3 6 7 10 7 3 10 5 8 9 9 9 1 5,1,14977,17,11,17,10.01059471
159.896569,21,3 4 6 8 1 8 11 2 1 3 2 0 2 9 7 0 2 1 10 6 11,1,90750,99,15,22,14.60646466
201.22254,21,10 8 7 6 1 2 10 1 1 6 6 7 10 0 0 8 8 0 10 8 1,0,100001,-1,-1,21,13.19192856
253.459479,22,0 5 9 6 1 10 11 9 4 2 4 8 10 7 3 10 5 6 11 3 7 10,0,100001,-1,-1,21,13.8205633
4.927736,22,3 6 2 9 8 9 2 10 8 11 2 4 5 10 8 7 10 7 0 1 4 1,1,5160,56,10,16,9.821840823
21.645994,22,2 1 3 0 4 5 1 9 11 10 0 3 6 3 4 7 4 7 3 2 4 9,1,18061,64,12,20,11.31155127
142.763901,22,5 8 8 1 2 3 5 8 1 2 6 3 7 6 4 8 8 4 2 1 2 4,0,100001,-1,-1,22,13.47580083
67.207802,22,11 6 3 5 3 3 6 5 6 6 4 3 2 0 1 10 0 2 2 11 8 6,1,43391,40,12,19,12.11178514
13.501015,22,2 6 7 7 10 1 9 2 0 10 0 5 7 3 5 9 7 6 4 0 8 0,1,11145,40,10,17,9.712238692
133.671747,22,3 7 6 11 4 4 5 5 4 8 5 7 7 11 1 8 3 3 4 11 8 7,1,75730,80,14,21,12.9622505
254.69409,22,1 6 1 9 7 4 7 4 11 7 3 2 11 6 8 6 2 10 1 3 10 10,0,100001,-1,-1,21,14.45557687
162.983353,22,8 4 11 1 1 9 5 4 7 11 2 7 10 3 11 10 6 3 5 1 8 9,0,100001,-1,-1,23,14.44919368
8.880559,22,6 1 10 2 0 7 5 3 11 8 6 1 4 11 8 7 8 8 10 8 3 4,1,7671,38,10,16,9.850069589
117.49206,22,5 3 8 5 3 1 4 5 6 10 0 10 9 5 3 11 11 4 11 10 5 9,1,72017,64,12,21,12.04585822
365.889651,22,0 3 6 8 8 0 8 5 8 11 10 11 0 1 0 7 7 7 0 8 9 4,0,100001,-1,-1,21,13.18986652
111.609515,22,8 8 7 11 2 3 4 9 1 8 11 1 3 0 7 9 2 11 0 5 2 11,0,100001,-1,-1,20,12.43806298
45.285611,22,9 2 10 9 11 8 4 11 10 5 8 0 2 5 5 6 7 5 2 7 2 10,1,34676,66,14,18,12.02722985
95.093092,22,5 3 7 0 2 1 1 3 11 0 3 5 9 1 6 1 1 2 2 3 5 4,1,52157,74,14,19,11.82174591
164.303595,22,6 5 7 9 11 0 0 3 2 5 1 5 9 10 10 6 4 11 2 3 0 10,1,97160,38,14,22,13.9978942
144.344262,22,10 5 2 5 3 2 11 0 0 5 2 1 0 8 4 1 10 5 1 4 0 10,0,100001,-1,-1,22,12.56072598
132.782318,22,3 7 7 7 8 0 2 11 9 7 4 7 2 9 2 10 0 7 7 4 2 6,0,100001,-1,-1,20,12.2947696
15.751822,22,8 9 10 0 5 10 3 6 1 3 0 3 3 1 6 7 11 11 2 9 8 11,1,15322,104,12,17,11.26497159
133.922646,22,5 9 9 2 5 6 11 7 10 1 10 0 1 9 7 11 8 10 9 1 8 6,0,100001,-1,-1,19,12.28489183
1.978771,23,8 8 3 10 0 5 0 7 7 8 11 0 4 3 6 1 8 8 3 6 9 2 9,1,1237,27,7,13,7.602172619
0.478367,23,11 10 2 6 11 6 4 5 2 7 6 8 7 11 9 0 9 1 10 0 5 4 6,1,722,17,7,12,7.861722031
41.743922,23,9 8 10 10 9 6 9 7 8 10 0 7 8 5 6 5 6 11 9 10 10 8 11,1,32444,25,11,18,11.92247503
149.369174,23,7 11 8 5 9 1 5 4 5 7 0 1 0 5 4 8 7 10 11 11 7 11 11,0,100001,-1,-1,21,13.18297325
23.997573,23,0 3 6 8 1 9 0 1 10 10 8 1 1 0 9 1 10 8 9 8 4 3 0,1,23654,123,15,17,10.9660772
129.401568,23,3 8 4 5 8 0 9 6 9 6 6 9 4 4 11 4 0 0 5 5 1 2 3,0,100001,-1,-1,22,12.74911374
255.008647,23,0 9 11 7 5 2 2 4 3 5 0 3 2 3 5 1 8 8 6 2 7 7 6,0,100001,-1,-1,22,13.71353858
2.126684,23,7 11 6 5 7 8 7 6 11 0 4 0 0 10 10 3 11 8 8 0 8 3 11,1,1872,15,7,13,8.203904398
139.925643,23,4 8 11 9 11 0 2 10 9 2 3 7 8 5 6 4 4 3 6 5 7 6 3,0,100001,-1,-1,20,12.48422045
21.491579,23,10 11 10 3 2 11 6 2 2 2 9 4 9 10 11 6 7 2 10 3 7 11 6,1,16583,69,13,19,10.61603117
4.959844,23,9 7 9 7 6 10 11 2 4 1 11 8 11 1 8 7 8 3 1 9 7 0 4,1,3908,21,9,15,8.922263707
50.638415,23,8 5 3 1 4 5 4 9 11 3 3 3 5 9 8 5 5 4 6 4 9 10 2,1,42836,35,15,18,11.81751866
16.721108,23,7 7 2 1 6 8 3 4 3 11 2 9 9 11 1 2 3 0 0 9 0 3 4,1,16537,39,15,17,10.29776145
4.874201,23,3 5 6 1 9 7 3 0 4 6 9 4 9 0 5 1 3 7 7 9 2 5 7,1,6356,59,11,16,9.799454297
34.856692,23,11 3 0 3 7 10 1 11 4 0 5 6 2 2 6 5 0 2 3 6 4 7 0,1,22257,107,13,20,11.52399911
119.565072,23,8 1 4 2 6 3 10 11 3 3 5 8 7 11 2 0 2 10 8 1 1 8 9,1,92451,27,15,21,12.40870737
22.492353,23,4 11 7 7 4 4 6 7 0 0 8 3 7 5 7 6 5 5 6 4 3 7 8,1,15124,59,15,18,11.49816067
79.080283,23,8 1 2 0 9 8 3 4 7 11 11 0 0 9 5 6 7 10 1 8 6 2 11,1,66350,85,15,18,11.44704389
27.142934,23,8 7 6 10 0 11 6 5 4 9 1 8 5 10 8 1 6 11 11 2 5 10 3,1,25123,83,15,19,11.1733017
129.321174,23,8 11 10 6 2 5 9 11 0 1 5 4 4 3 11 11 11 11 1 2 9 9 6,0,100001,-1,-1,20,12.29382443
101.696753,24,0 9 2 4 8 5 7 8 0 10 7 4 7 7 4 5 8 6 1 11 8 9 7 7,1,72453,128,14,22,12.52470499
28.720397,24,5 6 3 5 2 3 6 2 10 1 9 5 9 4 7 8 10 9 8 9 9 8 5 8,1,25172,76,12,20,11.6131972
126.840791,24,10 0 1 10 9 0 10 0 0 7 8 8 11 4 1 1 11 9 6 11 7 5 4 1,1,94943,40,10,19,12.51347348
132.937077,24,10 0 0 0 1 4 5 8 1 6 7 11 2 11 7 5 6 4 5 2 5 7 4 6,0,100001,-1,-1,20,12.59772443
152.483645,24,1 11 2 3 5 6 6 6 5 9 10 7 7 10 9 11 9 5 9 10 9 6 6 6,1,86047,140,16,24,13.88058178
29.089041,24,10 9 9 5 8 10 7 0 8 4 1 3 5 9 8 9 9 10 7 0 11 6 6 4,1,29782,52,20,21,11.90974694
201.565033,24,2 0 8 9 4 2 9 11 8 3 11 6 7 2 5 10 7 4 11 6 11 1 10 3,0,100001,-1,-1,21,13.93201646
120.342742,24,6 11 1 1 0 3 5 2 3 2 5 1 9 7 7 9 9 10 9 7 8 4 9 10,0,100001,-1,-1,20,12.3180904
1.511985,24,11 3 3 4 11 9 10 2 4 3 1 0 10 0 7 6 8 5 0 7 0 10 5 9,1,1005,32,10,14,8.382099881
87.937818,24,2 3 1 6 6 2 11 4 4 11 8 3 0 4 3 5 5 9 9 7 7 3 11 8,1,52530,32,10,18,11.5719269
62.209371,24,3 11 9 8 7 2 3 4 1 9 8 1 1 2 11 0 7 11 0 5 5 2 1 1,1,40801,194,16,18,11.34370822
143.479998,24,8 0 10 1 4 7 5 1 0 9 4 7 11 10 6 3 4 2 7 0 4 0 5 5,0,100001,-1,-1,21,12.40371663
222.406496,24,7 8 9 4 6 11 4 1 8 1 0 10 5 8 9 2 9 6 1 2 5 0 4 3,0,100001,-1,-1,21,13.40378955
161.466056,24,4 1 5 6 1 0 7 8 11 11 6 7 11 10 7 2 6 4 8 6 1 0 2 5,0,100001,-1,-1,22,12.47186651
18.450907,24,4 0 7 0 9 1 10 6 6 2 2 7 6 11 2 10 6 7 4 8 8 11 1 10,1,11289,24,12,19,11.54124997
65.057675,24,11 4 6 1 11 1 1 6 11 11 7 8 5 2 2 1 2 6 4 6 9 4 2 6,1,50214,74,16,22,13.19114737
18.631671,24,8 8 10 9 7 11 3 11 4 0 2 0 0 9 0 11 9 10 7 2 3 1 3 11,1,17241,48,12,19,11.27231856
23.934625,24,11 7 8 6 8 5 7 5 0 5 9 2 7 6 7 11 10 3 4 3 7 9 1 1,1,20788,96,16,19,11.67699285
27.634627,24,3 7 9 4 8 1 5 5 7 0 3 0 8 5 2 0 10 8 6 2 2 3 4 3,1,29244,14,10,17,10.70490236
178.736345,24,5 9 10 10 5 7 6 8 0 4 6 9 5 3 8 4 0 11 7 5 0 2 5 1,0,100001,-1,-1,22,12.9488643
1.318563,25,9 9 10 0 9 10 1 0 11 6 3 1 6 1 1 5 10 8 3 7 9 6 8 3 8,1,967,37,9,15,8.521959908
121.723873,25,11 3 7 5 5 10 6 9 10 3 5 8 9 8 0 9 6 6 2 5 6 11 9 10 1,1,51701,69,15,20,11.92534458
78.802759,25,10 6 10 5 2 5 3 4 7 4 5 0 0 10 2 5 8 7 9 10 10 11 3 3 4,1,37878,121,11,19,11.3942713
175.203051,25,4 2 2 10 10 7 5 4 1 6 10 6 2 6 7 7 6 6 9 11 7 11 7 2 6,0,100001,-1,-1,21,13.45013475
108.186614,25,8 10 7 4 6 2 3 4 5 1 9 6 9 8 0 0 4 8 7 4 5 3 3 8 3,1,66337,91,13,21,13.77981869
162.578082,25,2 4 7 5 10 0 3 5 10 2 4 2 5 9 5 1 11 1 0 7 10 2 11 6 3,0,100001,-1,-1,20,12.532168
56.784527,25,7 2 1 5 4 1 1 11 4 9 4 7 6 6 11 6 1 8 4 7 5 8 1 10 11,1,25582,141,13,19,11.73860895
168.893387,25,4 6 7 2 2 1 11 9 9 0 11 8 8 4 0 3 11 9 7 7 9 7 2 0 7,0,100001,-1,-1,20,12.50137785
122.690159,25,6 8 7 3 2 9 1 9 2 9 7 10 5 10 6 10 11 9 0 2 3 6 1 0 1,0,100001,-1,-1,20,12.64981964
34.499056,25,3 11 8 3 8 5 10 6 7 4 9 7 3 3 3 2 9 0 3 6 4 4 3 0 11,1,21110,39,11,20,11.40125212
85.82095,25,11 4 3 0 9 2 10 10 5 1 3 1 6 5 9 10 0 10 2 2 5 4 5 2 6,1,40206,131,15,21,13.7012418
139.030086,25,5 3 6 5 7 6 5 7 4 6 2 2 7 4 5 1 11 0 0 8 5 6 3 1 8,0,100001,-1,-1,21,12.71102812
19.750843,25,3 6 11 9 1 3 5 0 3 11 0 2 9 10 1 1 9 6 2 11 10 9 9 11 7,1,16737,31,11,17,11.00522473
113.946201,25,6 4 4 0 9 10 5 1 2 3 4 9 8 10 9 10 0 11 8 11 7 7 9 7 4,1,61853,97,13,21,13.30830712
138.418368,25,3 11 4 3 2 7 3 0 0 0 11 9 1 4 1 0 4 1 1 6 3 8 0 4 0,0,100001,-1,-1,20,13.03796304
254.750838,25,3 11 10 6 3 1 5 6 1 10 7 10 0 1 0 0 0 7 7 5 6 10 5 0 9,0,100001,-1,-1,21,13.77275669
146.494491,25,8 0 11 10 9 0 11 8 3 10 11 11 8 10 8 6 11 10 9 5 7 0 3 5 4,0,100001,-1,-1,20,12.19000495
214.273405,25,8 8 4 8 0 0 5 2 10 2 9 6 3 5 6 3 1 2 7 4 1 1 11 1 0,0,100001,-1,-1,20,12.90675709
5.213384,25,1 1 6 9 7 7 7 3 11 2 9 10 0 4 3 10 7 2 2 7 7 0 11 7 10,1,4394,19,9,19,11.3514182
136.296957,25,1 11 3 4 9 7 8 6 9 0 5 6 7 9 6 4 9 10 1 10 1 10 11 1 11,1,74934,79,13,20,12.58232182
15.031739,26,5 2 1 5 0 9 2 4 7 2 7 11 10 8 7 3 4 3 4 2 9 6 11 9 4 4,1,14115,28,12,19,10.16215978
221.736254,26,2 9 11 8 4 5 3 11 6 2 11 8 5 10 10 5 5 4 4 3 4 9 10 8 10 7,0,100001,-1,-1,22,13.84350903
72.281687,26,7 11 6 5 5 0 3 0 1 3 10 9 1 9 2 10 7 10 0 11 1 1 10 7 6 6,1,51905,116,14,21,13.06900294
21.389419,26,3 3 8 7 5 10 10 2 9 5 4 8 5 5 7 3 11 9 1 2 10 1 4 6 10 8,1,11991,82,14,18,11.43169719
29.564289,26,7 5 7 9 1 1 0 11 6 2 10 9 0 7 8 10 5 1 10 2 4 9 7 10 10 3,1,29900,50,14,18,10.93702777
6.527827,26,5 2 0 4 3 7 10 1 8 0 11 9 8 5 10 2 4 7 6 4 5 7 7 11 8 7,1,6102,18,10,17,10.74879196
164.724103,26,7 11 3 6 9 9 8 6 4 11 6 1 3 10 11 4 0 7 0 2 9 4 1 0 9 4,0,100001,-1,-1,23,12.61428729
108.885108,26,5 2 4 1 8 5 10 7 4 1 5 4 11 0 3 2 7 4 4 1 3 7 7 5 6 1,1,82646,46,10,20,12.6302556
9.138165,26,3 0 10 8 3 2 7 6 1 11 3 10 3 6 8 9 2 2 5 7 2 9 1 5 0 10,1,10628,14,10,19,10.50786991
167.480569,26,0 1 2 9 4 11 0 3 8 0 11 8 8 1 2 9 4 7 6 10 7 4 3 2 5 3,1,80969,100,12,19,12.35854003
33.994145,26,5 9 7 2 6 11 3 1 6 7 3 0 7 6 5 10 11 1 0 7 4 5 0 10 5 2,1,31286,22,12,20,11.24742398
124.578691,26,5 9 6 3 2 2 11 4 7 5 4 9 10 10 9 6 1 1 8 5 10 6 8 5 0 3,0,100001,-1,-1,21,12.90580214
155.34917,26,1 11 11 6 6 10 5 9 0 5 8 8 4 11 2 4 1 9 1 10 3 1 10 11 9 7,1,80032,90,16,23,13.412586
29.534276,26,8 8 7 3 8 3 11 11 3 5 2 9 1 5 10 1 9 9 11 7 2 4 3 0 4 0,1,29041,64,10,19,11.30414106
12.295335,26,2 10 1 11 7 5 4 8 6 11 4 6 10 9 8 6 5 0 8 1 11 4 2 6 3 11,1,7753,88,12,17,10.41270887
97.22435,26,8 11 8 0 9 7 0 10 2 6 1 3 0 8 10 6 3 10 0 1 10 1 0 7 7 11,1,80151,12,12,21,12.52822223
8.549871,26,10 6 6 7 10 6 10 3 4 11 8 1 5 4 6 2 2 1 8 8 5 5 5 10 1 3,1,8280,14,14,18,10.96733127
6.701599,26,8 3 8 8 10 3 7 8 7 2 7 10 3 5 2 6 1 1 4 1 8 9 6 4 9 0,1,6136,88,10,15,9.785876415
24.880669,26,6 2 3 1 0 3 6 11 4 3 8 9 7 0 9 4 4 0 7 4 7 11 10 2 1 6,1,21691,120,12,17,10.88045987
94.265055,26,11 4 9 0 11 1 6 8 6 1 6 5 1 3 11 0 8 5 3 5 3 3 8 10 0 10,1,80471,114,14,20,12.56938965
44.152401,27,4 0 3 6 8 5 6 4 9 8 4 9 9 8 7 3 3 8 3 1 8 11 4 2 11 9 5,1,32558,29,13,21,11.23699019
46.569989,27,7 4 8 10 2 6 5 4 9 2 4 1 3 8 7 11 1 8 0 10 8 7 7 11 2 3 6,1,39427,63,17,19,11.43082876
103.248415,27,5 9 2 4 5 6 7 10 8 4 6 2 0 10 6 1 10 2 7 8 6 11 10 1 2 9 1,1,92474,43,15,21,11.93212916
214.207368,27,0 9 8 11 7 2 5 6 10 1 5 3 8 4 5 1 10 3 3 11 8 10 2 10 8 4 11,1,89312,61,13,21,12.60128687
6.394537,27,3 2 6 3 7 5 2 2 2 3 7 3 4 1 8 10 9 1 5 5 2 11 1 4 0 1 11,1,6604,25,11,17,10.24904221
185.808537,27,0 9 10 8 5 8 6 5 10 6 11 2 6 3 2 3 8 3 11 10 8 6 4 6 2 10 5,0,100001,-1,-1,22,14.00297682
278.659514,27,10 3 10 9 10 9 4 1 10 2 0 7 5 7 9 5 5 1 9 4 0 5 9 1 8 5 0,0,100001,-1,-1,21,13.80727816
121.989113,27,3 0 11 9 2 0 5 1 4 3 7 6 4 7 9 11 3 10 1 4 4 8 5 5 6 6 9,0,100001,-1,-1,20,12.2337112
1.197707,27,3 8 11 2 10 5 1 8 9 6 7 7 6 11 2 10 11 6 10 11 9 7 6 2 11 3 3,1,1239,27,9,13,8.511512529
10.707325,27,3 3 5 0 8 0 8 9 0 11 3 7 4 8 4 7 10 3 8 5 5 0 5 3 7 11 3,1,8337,21,13,18,10.60514325
77.358619,27,0 9 4 0 9 0 7 3 6 3 0 3 0 2 1 0 2 1 1 1 1 2 6 11 8 5 6,1,58386,17,13,20,11.68511982
25.141742,27,5 1 6 10 8 10 6 1 1 10 8 7 6 8 7 2 1 4 4 6 8 7 4 0 7 8 9,1,20536,115,13,19,12.42671938
33.525571,27,7 5 0 3 7 2 11 4 2 5 7 5 9 8 4 5 8 0 7 4 1 2 3 6 10 11 4,1,29287,29,11,18,11.56050514
41.539897,27,0 1 5 2 1 3 2 6 11 4 9 6 6 3 4 8 4 5 6 10 0 8 4 5 1 9 5,1,21533,101,11,22,14.37103767
39.764104,27,2 6 11 2 7 0 5 5 3 10 6 7 11 7 5 9 11 8 1 10 6 3 7 10 7 9 5,1,27313,23,15,19,12.545143
62.863186,27,5 1 5 1 11 8 9 9 8 8 10 9 4 1 3 0 11 7 7 8 9 1 2 1 9 9 7,1,44731,69,13,20,12.49140762
92.920017,27,4 1 1 4 2 5 5 1 2 5 7 5 4 11 6 9 8 6 11 7 8 1 3 3 4 11 7,1,71530,33,13,21,12.00205898
205.229425,27,9 10 10 1 5 5 2 3 10 2 0 8 3 1 9 1 4 1 8 10 8 9 1 8 11 10 3,1,85834,57,17,20,13.22178535
10.567538,27,1 9 0 5 3 0 4 3 11 2 6 11 11 7 11 8 3 8 10 2 11 7 6 10 7 10 8,1,11814,9,9,21,10.29585244
129.443926,27,5 8 9 11 4 4 6 4 9 0 9 5 9 6 7 2 7 3 5 0 5 6 7 6 2 11 3,0,100001,-1,-1,20,12.65534055
26.039881,28,1 1 10 2 9 6 5 7 6 5 10 0 4 7 10 6 8 3 3 11 7 7 5 3 0 8 11 3,1,17621,42,10,17,11.02722384
2.201151,28,4 4 3 0 11 6 2 0 9 6 3 0 7 11 10 5 7 0 4 9 2 9 5 5 7 9 0 10,1,2247,16,12,16,9.177742681
164.428187,28,8 9 2 4 6 6 7 8 5 10 9 11 2 10 10 2 0 2 7 7 2 3 4 9 7 11 2 9,0,100001,-1,-1,21,13.59771086
38.521796,28,8 9 1 9 8 6 6 5 5 4 5 4 8 4 4 11 2 3 5 0 0 9 9 5 2 6 11 3,1,26012,282,12,18,11.57847218
37.290848,28,8 5 0 11 6 4 6 3 5 0 1 0 4 9 11 8 11 4 2 7 7 8 8 5 10 7 11 0,1,26142,26,12,20,12.91607895
22.09863,28,0 10 0 11 10 5 2 2 4 8 11 1 3 5 0 2 11 7 11 9 1 8 9 7 11 7 0 0,1,20086,154,14,21,11.45593673
8.609019,28,9 2 4 8 11 2 5 10 9 7 0 7 6 7 10 1 2 5 4 7 2 2 1 5 4 3 8 9,1,8321,24,12,15,9.890899866
43.902339,28,4 11 7 5 1 1 6 3 11 0 8 7 7 0 8 9 5 8 9 10 3 0 0 1 3 2 6 10,1,29601,138,10,23,14.01976742
63.2436,28,11 9 4 8 6 5 6 2 6 8 0 3 4 0 5 0 9 11 7 2 9 7 6 8 0 7 2 2,1,51753,34,10,19,12.23188812
189.105041,28,5 9 10 10 1 9 1 11 10 3 11 0 0 3 3 1 11 2 11 3 0 8 3 2 7 10 8 1,0,100001,-1,-1,21,13.71156707
54.305412,28,7 0 8 8 3 11 6 11 3 1 6 11 4 3 11 3 10 0 4 8 10 9 7 4 1 8 6 9,1,25001,92,18,22,12.93329371
145.878674,28,7 11 3 10 7 8 3 11 2 4 9 5 3 2 4 11 7 3 7 0 11 9 0 8 5 5 4 3,0,100001,-1,-1,19,12.25999879
140.950072,28,9 4 5 4 2 3 4 8 5 3 7 3 3 10 2 3 4 8 8 4 9 7 4 3 7 8 10 1,0,100001,-1,-1,19,11.85260471
75.617365,28,0 1 4 9 0 0 3 8 3 5 0 9 7 10 0 5 3 5 5 8 0 11 0 3 2 4 8 6,1,60473,40,16,19,11.88264072
138.316051,28,9 8 11 2 10 10 0 2 4 11 10 10 1 3 11 11 7 0 2 1 8 9 1 1 11 10 10 10,0,100001,-1,-1,22,12.47978586
3.904959,28,2 4 4 9 6 9 11 0 8 1 10 0 9 10 5 1 3 5 2 9 4 1 10 1 2 3 10 10,1,4113,16,8,14,8.73954611
320.41604,28,1 4 3 8 10 10 3 7 5 5 7 7 0 9 8 9 4 0 1 4 1 4 6 1 5 4 7 11,0,100001,-1,-1,22,13.31247728
31.778772,28,3 7 6 7 11 2 2 11 1 11 4 3 2 1 11 0 8 9 6 5 8 0 8 8 1 4 9 0,1,29363,46,14,19,10.84487722
131.224913,28,9 9 2 0 11 8 0 0 9 10 2 6 10 2 6 8 1 6 2 5 1 5 0 7 6 4 5 9,1,65840,222,14,22,12.88585266
101.452057,28,3 4 11 2 5 7 0 3 2 4 5 6 5 2 0 11 7 6 9 7 10 5 1 6 6 11 4 6,0,100001,-1,-1,20,11.96287654
144.173845,29,7 8 4 6 3 10 3 8 3 1 2 10 3 10 7 7 5 8 6 5 5 7 11 0 5 10 7 5 0,0,100001,-1,-1,21,13.36915667
127.087618,29,7 7 4 6 1 9 2 3 1 5 4 8 1 3 0 2 6 3 8 5 2 0 1 9 1 0 2 11 9,1,98708,67,15,22,13.18285227
155.274144,29,8 1 9 1 9 10 2 1 8 10 2 9 9 2 10 5 7 5 0 5 7 10 9 2 5 3 6 6 8,0,100001,-1,-1,21,12.72460462
29.107057,29,10 11 4 3 10 3 6 8 11 7 0 2 4 6 5 10 10 9 10 11 7 6 9 11 6 10 3 5 1,1,19987,15,11,19,11.82350793
72.63161,29,1 11 1 1 3 0 0 0 3 4 4 4 5 6 4 5 3 0 8 7 10 0 10 8 8 5 2 3 0,1,55653,135,13,19,11.91176225
30.866439,29,3 0 8 4 1 2 9 5 2 9 7 5 4 11 10 3 4 5 5 10 7 6 4 8 5 8 6 1 4,1,22842,99,15,19,12.24197768
190.531155,29,8 6 3 4 2 6 7 10 10 3 8 6 4 5 8 7 0 5 2 11 9 6 2 1 5 10 1 9 0,0,100001,-1,-1,21,13.41946134
59.099352,29,2 7 8 7 5 1 3 8 8 1 4 6 7 4 7 3 10 8 9 7 3 4 2 0 8 0 1 10 1,1,40129,105,9,19,12.07085339
70.655807,29,5 2 5 8 11 4 6 6 3 4 3 7 0 4 0 10 11 10 6 8 4 4 11 8 9 8 3 11 1,1,58388,15,15,20,11.89717227
20.231323,29,3 7 7 5 6 5 10 8 10 11 9 0 0 8 1 4 3 4 9 11 1 9 10 7 3 3 8 9 7,1,17264,13,11,19,11.43020495
79.160653,29,0 10 3 5 6 3 5 9 10 10 2 10 5 2 3 5 7 4 6 2 6 3 7 10 8 6 9 5 4,1,52619,37,13,19,11.7223969
5.314219,29,1 2 3 2 4 8 9 7 3 11 11 7 10 8 0 9 10 0 5 7 0 5 7 0 5 6 11 1 1,1,5697,19,11,19,9.442837562
104.698014,29,1 1 10 5 6 3 4 0 4 7 4 1 3 11 0 2 4 5 1 6 3 0 7 3 10 7 2 3 1,1,80828,39,17,21,12.50703166
106.377784,29,1 2 3 11 0 4 5 5 5 10 9 10 2 4 11 11 3 11 4 1 11 10 7 0 7 5 7 11 2,0,100001,-1,-1,20,11.81005118
32.082414,29,6 7 3 10 10 5 3 1 10 6 4 4 11 3 0 1 8 4 9 7 6 8 5 2 11 4 1 6 1,1,33168,33,11,18,10.51657332
135.877635,29,1 4 8 8 8 1 0 11 6 7 11 11 4 11 2 2 0 10 8 10 1 2 6 1 3 6 1 8 7,1,93392,57,13,20,12.80258454
185.716119,29,4 9 10 3 4 9 2 4 9 4 0 10 9 8 6 3 2 7 7 0 3 4 0 10 1 9 4 5 2,0,100001,-1,-1,20,12.42114229
8.41368,29,8 4 0 8 3 8 11 1 1 11 9 5 0 8 3 5 3 5 7 8 10 1 1 3 10 6 7 4 7,1,7152,25,11,16,10.15246194
120.965932,29,8 1 6 1 2 1 10 7 11 2 5 9 0 4 7 3 1 0 4 0 10 2 6 3 11 1 3 1 6,1,90004,53,15,21,12.57579677
179.662519,29,5 9 4 7 2 0 8 6 2 0 0 10 0 3 5 7 6 1 6 5 10 6 5 4 4 6 8 1 1,0,100001,-1,-1,21,11.86336232
131.281451,30,11 2 9 6 5 5 9 5 8 4 7 9 10 10 9 4 1 5 6 10 9 8 5 10 7 6 4 3 4 3,0,100001,-1,-1,21,12.81614082
118.246141,30,8 4 9 2 3 5 3 0 1 1 0 3 2 11 10 11 10 3 6 6 7 3 3 10 9 4 7 3 4 5,0,100001,-1,-1,19,12.00368996
73.837436,30,6 3 3 4 6 5 9 5 3 8 0 8 5 4 9 4 8 10 2 2 9 11 4 4 0 1 1 3 0 7,1,65611,46,10,20,11.77512945
13.918573,30,3 4 3 2 0 7 11 2 9 6 9 8 1 2 3 7 3 7 3 8 6 4 3 3 0 1 11 11 9 7,1,14419,40,14,19,10.67356884
129.165098,30,2 1 8 6 9 11 0 9 10 0 5 10 3 7 8 8 6 11 10 3 7 7 2 11 0 1 3 7 4 9,0,100001,-1,-1,21,12.39362139
80.896197,30,1 9 4 1 1 8 7 5 6 8 7 4 5 5 8 0 4 6 3 8 7 10 5 0 10 9 1 0 9 8,1,54980,38,12,21,13.02286744
148.263558,30,2 2 0 11 10 2 11 6 10 10 0 10 0 7 9 5 9 2 9 5 10 8 5 4 1 9 9 1 1 6,1,95147,88,12,20,12.56465746
133.504253,30,11 8 1 0 8 8 8 6 2 11 1 1 0 10 6 6 9 1 0 2 3 1 1 1 3 5 6 9 11 3,0,100001,-1,-1,22,13.33359771
87.420897,30,11 4 8 0 3 4 2 11 7 10 5 0 4 1 5 9 8 5 2 9 0 10 10 9 4 5 6 9 9 7,1,62616,36,16,21,12.94571052
36.168924,30,1 0 11 7 4 8 8 1 3 5 6 8 9 6 5 5 7 7 2 1 11 10 5 10 2 0 1 2 4 9,1,32534,34,16,19,11.23311907
7.292059,30,3 5 9 9 5 7 6 7 0 0 1 4 2 1 5 4 2 11 6 9 1 3 1 6 4 3 10 8 8 9,1,8880,36,14,16,9.565085313
118.924304,30,9 9 2 5 9 6 5 2 6 1 3 10 7 7 0 3 5 9 4 7 11 10 9 10 7 10 8 10 3 7,0,100001,-1,-1,21,11.961582
83.266296,30,6 9 4 5 10 5 8 1 9 9 4 8 3 3 4 0 3 8 10 11 9 1 5 0 1 11 10 2 4 6,1,73308,42,16,20,12.36687762
24.484641,30,5 7 8 10 7 7 9 2 3 0 11 10 2 6 7 8 5 0 0 5 0 4 1 10 3 7 6 9 9 2,1,18400,78,14,18,11.13647981
5.773573,30,1 6 10 0 9 5 2 6 11 8 4 4 8 1 2 10 3 6 3 8 3 2 9 7 8 10 9 2 7 8,1,6653,52,10,17,9.555742179
9.026204,30,1 3 3 11 11 6 8 9 6 10 5 6 7 0 11 2 5 1 8 9 2 6 8 9 4 6 3 10 7 11,1,9220,158,14,18,11.4739255
113.803956,30,4 3 4 8 11 3 10 3 3 10 9 9 0 11 9 8 5 8 1 6 6 1 5 2 2 2 5 8 3 3,1,51488,90,14,23,12.44482527
15.112717,30,2 1 8 6 9 4 9 7 11 1 9 7 3 6 7 0 5 6 9 11 3 1 9 0 3 1 2 0 4 0,1,12464,36,10,18,10.86034609
1.84644,30,3 6 11 9 11 10 6 1 0 11 10 11 11 10 11 7 6 7 10 7 4 6 3 8 7 2 10 8 3 0,1,2277,56,8,13,8.328903151
17.310712,30,3 1 0 1 6 2 1 11 2 3 0 3 1 2 11 6 11 1 6 11 9 10 1 0 9 10 11 6 2 7,1,19130,28,12,18,11.05403637
87.774757,31,7 2 4 6 8 7 4 7 8 0 11 8 9 2 0 4 0 7 6 7 0 10 5 3 0 10 2 2 6 2 1,1,53315,183,13,19,12.27413891
148.508558,31,5 0 7 5 3 8 1 8 7 0 7 4 8 0 8 10 11 6 4 2 6 4 7 4 7 10 2 1 10 0 1,1,93846,33,15,19,12.00340388
1.982689,31,7 0 7 5 10 1 8 9 10 8 10 3 2 7 10 8 7 7 10 8 6 4 8 5 3 0 11 1 8 8 0,1,1947,31,13,13,9.119578737
5.325196,31,2 3 2 9 7 3 2 5 2 6 8 7 3 2 9 8 11 0 3 4 9 9 2 6 4 7 3 6 5 0 8,1,4597,9,9,17,10.06714146
12.307875,31,11 0 10 6 8 6 11 2 5 1 8 5 8 5 10 2 5 4 4 4 11 1 11 4 1 10 2 3 4 11 1,1,8747,85,11,16,10.0442373
43.249492,31,3 8 6 4 6 2 4 2 1 5 5 4 6 5 4 5 10 9 5 9 10 1 4 2 10 0 2 3 5 2 2,1,42834,37,13,19,11.19881984
37.600434,31,4 5 8 6 5 2 11 11 9 0 3 11 6 4 0 3 4 2 7 10 11 2 1 0 1 4 8 0 1 9 6,1,27308,83,13,19,11.63627273
68.616374,31,5 5 3 10 8 5 3 6 8 11 0 3 6 8 9 6 1 10 8 6 10 6 10 11 8 0 4 2 0 5 0,1,32719,143,13,20,12.20118811
25.865644,31,9 10 1 11 4 8 3 11 7 3 1 10 7 9 11 1 2 4 2 3 0 5 1 8 8 5 9 1 10 7 11,1,24267,41,17,19,11.42396351
278.013251,31,0 4 1 5 9 1 4 9 7 5 9 4 4 11 11 3 8 1 6 7 10 2 7 0 0 0 1 4 6 8 6,0,100001,-1,-1,22,13.6429747
98.824763,31,8 10 5 10 6 3 7 7 5 9 11 8 6 8 7 6 7 6 11 8 7 11 7 3 7 5 9 11 6 1 10,1,71643,91,15,22,12.70143725
114.679345,31,9 6 2 1 0 8 4 1 10 9 4 11 6 2 7 2 1 11 9 0 11 2 11 9 4 4 6 4 1 2 4,1,82908,77,13,20,12.24732152
41.155759,31,7 5 0 11 2 3 6 3 11 3 3 6 3 5 4 4 1 6 1 10 9 8 0 5 4 9 4 1 1 5 2,1,14050,103,9,24,13.74589374
137.021624,31,0 7 8 1 11 1 0 7 0 11 7 10 10 9 11 11 6 10 10 5 9 10 10 2 7 8 4 7 8 9 6,1,93688,19,13,20,11.85678908
41.03542,31,7 4 5 4 6 2 5 3 10 0 7 7 11 7 3 11 0 1 1 0 3 3 4 2 9 4 0 2 1 2 4,1,37734,45,13,19,11.73276706
149.854298,31,4 2 9 7 8 6 3 6 11 2 10 8 4 6 6 2 6 9 8 10 10 0 4 4 0 2 2 2 5 10 0,1,87992,61,15,20,13.66322856
148.355826,31,0 3 1 0 7 8 3 11 1 10 11 7 7 8 4 2 7 0 1 9 8 6 3 6 1 9 10 7 7 6 11,0,100001,-1,-1,21,12.94441046
34.677093,31,8 10 3 8 4 0 7 11 2 1 5 5 6 5 8 7 9 7 9 1 1 4 3 3 0 8 1 6 4 11 10,1,23633,125,13,19,12.07386021
162.395247,31,5 1 0 2 4 11 7 8 1 10 7 6 7 2 3 7 6 5 3 8 3 3 1 6 10 3 6 2 7 3 4,1,75299,139,13,21,13.53090915
20.33593,31,5 6 7 4 11 9 4 7 7 6 11 8 5 4 2 4 9 6 10 3 7 2 0 1 11 1 6 9 11 11 0,1,16600,97,11,18,10.98892548
3.20515,32,1 11 7 5 5 7 11 1 6 9 11 9 7 4 1 0 4 2 6 3 0 3 7 7 8 7 11 8 4 5 6 4,1,3057,22,10,16,9.233914977
206.747373,32,4 6 10 2 7 0 9 6 4 1 2 10 11 4 3 8 1 9 2 0 0 5 5 5 9 1 5 10 3 2 4 9,1,91733,62,14,21,13.66988119
11.689971,32,11 1 2 1 0 0 0 1 11 7 7 3 10 7 6 6 10 10 5 1 3 2 3 2 6 11 1 8 1 6 7 10,1,12373,16,10,18,10.08970379
80.340878,32,6 3 11 8 1 8 11 6 2 9 1 5 3 7 0 11 7 10 5 1 4 9 1 9 8 11 10 2 9 5 6 11,1,60713,82,18,20,11.99064295
255.416855,32,1 10 10 7 6 9 9 7 0 10 9 0 4 3 6 10 10 10 3 8 4 2 3 0 1 4 9 10 7 8 8 5,0,100001,-1,-1,20,12.61374039
133.645606,32,7 8 8 3 0 5 8 5 3 5 0 3 1 8 5 0 7 9 5 0 3 11 4 5 9 7 5 1 8 0 0 3,1,81479,22,12,21,12.58382627
8.041705,32,8 3 1 8 11 3 4 5 5 4 0 5 7 8 5 7 4 11 8 9 6 10 6 9 9 9 5 8 11 9 0 11,1,9597,20,12,17,10.44144717
128.787697,32,9 2 6 8 7 0 3 10 3 3 7 6 1 10 2 6 2 4 8 5 6 4 0 9 4 6 1 6 11 8 10 6,1,62783,122,14,21,13.0805031
187.087154,32,7 2 7 9 10 11 3 11 4 6 11 7 4 0 3 11 4 8 10 7 7 0 1 3 0 8 7 2 6 4 11 3,1,80645,70,14,22,13.26120458
96.649965,32,9 2 0 5 5 4 6 7 7 3 0 10 6 8 9 4 11 9 0 10 5 0 3 10 2 3 11 4 11 1 8 11,1,59821,74,12,19,11.99199299
3.822913,32,4 4 4 11 6 9 7 3 8 0 1 10 9 1 4 11 0 8 11 8 9 5 5 5 6 1 9 10 2 5 9 5,1,2943,58,12,15,9.451925001
130.088884,32,0 3 10 0 4 3 4 8 6 7 7 11 1 4 6 5 5 6 6 11 2 0 9 6 3 8 0 5 1 11 11 0,0,100001,-1,-1,20,11.86085687
101.084172,32,11 7 4 6 5 9 5 10 5 1 6 3 11 6 11 11 3 5 9 5 3 11 3 7 7 9 4 4 6 4 4 2,1,66823,72,16,19,12.09208724
100.323966,32,1 11 8 4 5 0 5 10 2 2 5 10 9 9 6 4 3 4 7 2 2 6 7 8 10 2 9 10 0 10 10 8,1,55323,136,16,20,12.7845065
100.072116,32,1 5 7 10 9 6 8 3 10 9 7 8 9 11 8 11 7 9 1 5 2 6 6 10 3 2 10 5 10 7 2 10,1,72728,44,10,20,12.08527791
145.978178,32,7 8 9 1 8 1 3 10 8 10 1 10 8 10 0 5 9 6 3 6 3 3 7 0 2 0 1 3 3 1 0 4,1,83531,128,16,20,12.7578222
58.674478,32,1 4 1 4 4 8 5 1 5 4 11 2 11 1 1 11 9 8 6 10 11 9 5 1 8 5 2 11 3 0 11 1,1,42159,18,12,20,13.15342788
24.302214,32,1 2 7 9 7 3 11 0 4 0 1 0 11 10 0 0 1 2 10 2 2 6 1 8 7 3 7 7 0 4 2 3,1,15275,22,8,19,11.75369704
82.24675,32,4 0 10 6 8 5 0 8 5 9 1 6 8 6 3 11 1 5 1 5 6 4 6 4 0 9 5 0 2 2 3 0,1,49556,106,14,20,12.41765795
46.327619,32,4 5 4 2 10 7 5 2 9 6 2 7 7 8 6 10 6 6 10 7 9 10 9 4 0 0 0 2 6 10 10 8,1,22537,58,12,22,14.10740807
217.909141,33,6 7 0 0 10 1 3 4 1 3 1 9 5 3 3 10 11 10 2 3 6 1 2 5 1 1 4 3 0 3 1 4 1,0,100001,-1,-1,19,12.48987534
89.411904,33,0 2 2 2 1 5 7 2 10 1 10 5 4 8 10 6 1 9 9 5 6 10 1 10 9 0 9 8 7 9 4 0 5,1,70515,51,13,23,12.38977036
126.021332,33,11 3 0 2 6 6 9 2 6 1 6 7 8 8 3 11 10 8 1 10 10 8 0 2 1 0 8 11 0 3 7 0 1,0,100001,-1,-1,20,12.9293542
117.822769,33,2 0 0 0 0 7 7 4 11 6 5 3 0 8 6 2 2 5 0 11 2 1 8 10 7 9 5 7 4 2 3 4 8,0,100001,-1,-1,18,11.79414206
53.929481,33,6 7 2 7 6 6 3 8 5 0 11 2 1 4 1 6 5 6 8 8 8 7 4 2 10 8 5 4 6 11 8 8 4,1,47333,47,11,20,11.54799479
11.517119,33,9 4 1 3 5 3 3 10 0 10 3 3 7 4 1 0 8 7 10 1 1 5 0 10 5 10 9 5 7 10 1 10 2,1,7768,49,11,19,11.38079125
14.534812,33,8 9 9 1 10 10 0 4 4 11 2 1 11 0 5 6 9 1 6 5 5 7 3 4 5 7 8 0 11 8 0 2 4,1,10492,39,13,17,11.39045281
11.957957,33,10 5 10 9 7 0 7 0 1 3 6 7 2 11 1 2 7 6 2 6 8 5 8 6 3 5 8 9 5 6 7 4 2,1,10151,37,11,16,9.814063265
122.670874,33,4 3 1 1 2 5 1 6 3 0 8 3 3 0 10 5 6 2 0 10 6 1 8 4 4 1 10 9 10 1 0 2 5,0,100001,-1,-1,20,12.52896095
323.662602,33,1 6 4 0 1 1 4 7 11 8 0 8 8 3 6 4 3 5 10 2 10 5 7 9 2 1 6 7 9 4 6 4 11,0,100001,-1,-1,21,13.41950238
64.999322,33,2 3 2 2 3 1 9 4 4 6 8 3 11 4 4 4 6 2 6 9 11 2 2 3 3 10 0 2 7 9 0 2 11,1,45468,31,13,20,12.0396749
26.066193,33,5 2 1 9 8 6 3 3 3 4 8 7 2 4 5 5 9 10 10 1 10 9 2 0 4 3 2 0 11 2 3 5 8,1,24543,49,15,18,10.94801458
107.521869,33,6 8 11 9 11 0 10 11 7 8 7 7 2 6 11 1 4 6 11 9 2 5 10 8 11 3 10 2 5 7 7 3 5,1,75313,43,13,21,12.31254502
70.570558,33,9 11 4 7 6 4 0 8 6 4 1 3 7 4 3 0 7 2 1 5 4 2 3 4 0 9 8 10 1 0 4 8 4,1,69519,53,13,19,11.41678126
63.349307,33,11 6 1 6 9 7 7 6 9 10 10 7 3 3 7 9 11 0 10 9 2 2 2 2 1 2 9 10 8 11 8 5 0,1,40167,23,13,20,11.95914009
31.002064,33,3 11 3 2 7 3 8 0 5 1 11 4 8 4 6 3 11 9 4 5 2 5 0 9 6 9 6 2 6 6 7 3 5,1,17546,85,11,18,11.12837444
127.638319,33,3 1 10 10 2 6 5 4 3 6 6 3 3 11 1 9 0 0 2 9 1 0 1 1 6 6 1 8 4 2 5 6 10,0,100001,-1,-1,20,11.82991598
19.89983,33,10 11 4 2 3 8 7 6 2 5 3 8 11 0 11 9 4 8 0 1 8 11 2 4 9 5 2 10 0 3 10 9 11,1,15257,33,11,18,10.37272718
157.728659,33,0 0 10 5 6 11 1 10 2 9 4 3 10 3 10 2 0 3 6 5 2 10 5 9 1 4 7 0 0 11 1 2 1,0,100001,-1,-1,20,12.43098751
147.913222,33,11 11 8 3 0 9 4 4 1 10 5 9 6 1 8 6 9 0 9 6 10 1 4 11 3 8 10 5 4 9 2 7 8,0,100001,-1,-1,19,12.47201896
124.083493,34,7 11 2 3 5 9 1 3 0 7 5 1 6 9 1 1 9 5 0 10 7 9 11 8 10 9 4 11 2 0 3 10 1 4,0,100001,-1,-1,21,12.71633678
101.365668,34,8 0 2 3 7 5 7 7 2 3 2 2 6 4 11 8 10 7 3 1 1 0 0 0 10 5 9 6 11 0 4 4 1 10,1,75352,26,14,20,12.4366959
98.858908,34,0 7 11 8 6 8 7 5 4 4 2 10 1 2 4 2 4 2 0 2 4 7 11 0 4 11 8 8 10 3 4 5 2 11,1,84405,68,12,19,11.92469825
10.148042,34,4 7 3 3 11 9 0 3 7 3 6 11 2 6 1 2 11 7 11 3 5 5 0 3 11 2 7 7 10 1 1 8 5 10,1,9622,46,14,17,10.50346491
76.075749,34,0 10 1 11 3 8 7 11 1 4 3 3 0 10 0 7 3 0 2 7 0 3 4 2 6 8 0 1 3 6 7 7 3 0,1,44220,126,12,20,12.30368013
110.224618,34,1 6 4 5 3 8 3 2 11 7 4 11 1 0 2 9 8 11 10 8 7 9 7 10 6 6 7 10 0 10 8 7 9 11,1,68443,138,12,20,12.21724982
42.388676,34,0 5 4 11 7 9 5 7 3 3 4 0 0 5 0 1 1 1 6 3 11 2 10 5 9 6 8 4 3 4 2 5 6 7,1,28344,78,14,21,11.61536612
53.913258,34,7 6 11 3 2 5 3 8 11 4 2 2 7 7 11 11 6 10 1 6 2 6 7 3 8 9 9 0 4 6 7 9 6 9,1,44718,48,14,19,11.913929
62.050431,34,6 2 7 8 8 10 0 2 2 9 9 2 10 2 3 2 11 10 6 2 0 8 8 4 7 4 11 0 3 8 10 7 5 1,1,55435,18,10,20,12.54483164
14.833602,34,3 7 9 8 9 4 11 9 10 5 7 10 2 0 0 4 8 3 3 5 4 0 0 10 0 4 7 9 4 9 6 5 2 9,1,12997,60,14,16,10.06306804
40.271203,34,7 6 3 8 1 3 2 3 0 7 2 9 10 6 5 2 1 2 7 9 5 4 7 6 6 1 0 3 0 0 4 7 0 2,1,28254,90,10,20,11.06119383
124.580871,34,4 1 4 3 8 5 2 7 3 0 10 6 3 4 1 8 5 6 8 3 4 1 2 11 8 7 4 8 10 1 5 7 8 11,0,100001,-1,-1,19,12.12560089
46.165193,34,8 9 2 4 5 5 10 5 9 5 0 7 11 4 0 2 5 9 1 11 2 10 3 3 4 4 4 0 1 0 2 0 2 2,1,32081,30,16,20,12.07716757
35.143272,34,0 11 1 11 10 0 5 10 2 5 10 10 10 10 9 6 5 9 8 1 3 8 3 7 8 8 10 0 9 5 6 4 7 5,1,33514,94,14,19,11.45943839
125.31808,34,2 3 4 7 7 0 3 7 2 3 2 11 4 8 0 1 2 1 1 11 11 7 6 6 11 3 0 4 0 3 0 4 6 10,0,100001,-1,-1,20,12.14213587
104.92232,34,6 2 5 7 0 10 8 7 4 2 0 7 4 5 5 1 9 9 7 2 2 10 3 7 11 8 0 1 9 9 11 2 7 10,1,55312,146,12,19,12.50392322
145.263287,34,9 7 7 8 10 3 11 0 4 11 1 5 8 1 6 3 6 4 1 11 0 9 8 6 3 5 8 11 2 10 1 4 8 1,0,100001,-1,-1,21,12.21622164
122.9734,34,10 9 1 9 8 3 3 3 4 2 11 7 9 6 1 1 9 6 9 8 7 7 2 9 10 2 3 1 11 9 8 10 11 2,1,91525,48,14,21,13.01144694
22.207395,34,3 8 1 0 7 9 8 8 1 10 8 0 2 9 4 6 6 11 2 1 8 4 1 3 11 7 11 11 6 2 7 3 8 10,1,23901,22,12,19,10.87075964
10.327573,34,2 2 1 1 8 4 2 1 3 4 2 0 4 1 5 5 5 6 3 4 1 8 5 8 0 7 3 6 3 7 3 4 5 3,1,8978,32,10,20,11.58132042
157.969146,35,8 6 6 7 6 8 7 2 7 0 5 10 10 1 4 1 10 0 4 3 3 10 8 7 11 4 4 0 3 5 9 1 0 8 6,0,100001,-1,-1,23,13.12516133
140.998744,35,8 7 11 6 3 7 10 1 11 11 8 3 1 5 1 9 4 11 2 11 8 6 1 11 11 3 8 9 10 2 0 2 6 3 5,0,100001,-1,-1,22,12.95880297
113.559178,35,4 9 0 9 9 5 6 9 10 8 10 0 5 9 9 8 7 0 3 1 1 4 5 6 8 8 3 5 7 11 9 9 2 3 10,0,100001,-1,-1,21,13.32582262
11.731869,35,1 11 9 2 11 2 5 7 6 11 7 6 3 0 2 2 5 0 2 5 2 7 5 2 10 5 0 10 1 6 4 9 5 3 7,1,11755,23,13,16,9.707344763
174.252948,35,6 9 6 3 7 8 4 0 4 4 11 0 4 3 7 10 7 10 0 8 10 3 10 9 9 2 0 5 2 0 9 7 2 2 5,1,83794,111,13,22,13.53712484
222.173825,35,10 0 11 6 1 4 2 4 8 1 1 2 9 11 4 4 5 4 0 5 3 2 6 2 10 1 11 1 8 11 11 0 11 1 6,0,100001,-1,-1,21,13.91207969
178.510746,35,0 10 10 7 10 2 5 7 3 5 2 11 10 0 5 7 10 5 4 8 11 3 0 0 7 0 0 3 10 6 11 6 10 9 4,0,100001,-1,-1,21,12.86305635
13.818308,35,2 11 10 11 0 7 0 10 5 0 3 2 4 7 4 5 3 3 8 3 8 6 1 1 3 4 8 8 10 7 7 4 5 4 6,1,12345,113,11,19,10.29711735
80.725122,35,0 9 7 4 8 5 1 4 6 7 0 10 3 7 6 6 5 1 1 6 3 3 4 9 2 5 6 11 9 11 10 6 9 11 6,1,56511,109,13,21,13.2767965
55.847971,35,8 7 4 5 2 3 7 6 5 7 4 8 11 10 1 10 11 11 2 0 9 9 6 11 8 9 5 9 7 6 6 10 0 9 8,1,44116,157,15,20,11.6707461
112.628109,35,10 2 0 5 1 10 2 1 5 7 9 11 2 2 5 5 7 5 4 1 9 9 0 3 5 2 6 1 9 5 6 10 1 8 6,0,100001,-1,-1,20,12.00244792
24.116881,35,7 5 7 7 7 4 6 7 9 10 11 11 3 6 2 9 5 5 9 9 2 4 8 8 6 1 5 6 7 9 8 8 1 4 4,1,20411,39,15,20,11.88344856
153.011308,35,5 9 4 2 11 4 2 9 1 5 0 5 2 5 0 10 6 6 9 8 4 0 7 0 1 8 4 4 11 3 6 3 1 8 5,0,100001,-1,-1,20,12.26590711
62.556462,35,2 6 2 10 1 4 6 11 1 2 5 3 5 6 5 0 11 8 10 10 6 8 6 3 0 5 6 2 1 4 8 11 2 6 7,1,45430,81,15,21,11.65992195
49.450108,35,11 4 5 6 5 7 11 10 7 7 6 8 0 0 7 2 1 1 6 9 5 6 3 3 5 5 0 4 4 3 7 9 7 0 2,1,32647,37,11,19,11.34252001
64.155572,35,7 0 5 1 11 7 5 1 4 7 6 10 10 1 1 0 2 1 6 4 3 7 2 9 4 5 9 7 11 10 5 10 1 2 10,1,67301,53,11,20,11.35900389
90.09988,35,2 9 4 3 6 11 7 0 0 1 6 9 11 2 7 9 5 0 9 0 0 11 6 4 1 10 11 3 3 0 2 10 7 11 11,1,47371,65,13,20,12.70924015
49.290948,35,1 0 2 5 4 7 11 7 0 0 11 2 6 9 1 10 10 2 7 2 9 0 1 11 1 8 1 8 8 11 1 3 6 10 2,1,30953,17,13,19,11.82527864
38.801394,35,6 2 7 3 4 11 3 0 3 1 5 0 2 5 5 1 2 6 9 6 11 8 1 6 2 11 2 3 10 1 0 4 6 1 0,1,32499,37,11,19,11.67502859
47.1727,35,2 5 5 5 0 1 4 0 10 6 3 7 6 6 7 7 8 8 11 1 10 3 5 7 8 4 9 11 3 6 8 4 5 1 2,1,30909,21,15,19,11.73186286
119.68211,36,0 2 6 11 4 1 8 11 1 0 0 11 2 1 11 2 3 10 10 8 11 10 3 1 1 5 10 1 11 8 8 0 5 10 0 3,1,93931,32,12,23,13.17523718
109.063203,36,10 9 10 10 0 7 5 5 4 1 6 9 5 9 8 0 4 6 6 8 1 1 4 6 11 1 3 11 0 3 1 4 2 10 5 8,0,100001,-1,-1,20,11.73258256
71.578621,36,0 10 0 10 0 1 8 6 8 11 8 7 7 11 9 0 8 3 0 3 10 11 4 7 2 5 7 8 11 6 8 10 3 8 4 0,1,51123,116,14,19,12.56977715
2.427917,36,2 5 2 10 5 5 0 5 4 0 7 7 6 8 8 10 5 8 6 7 8 9 9 11 6 4 4 5 10 7 8 0 10 3 11 9,1,2320,38,10,15,8.517909642
43.388866,36,1 8 9 0 4 8 3 3 4 7 11 0 10 9 9 11 11 10 5 10 3 4 5 6 2 10 8 3 5 4 7 8 3 4 5 3,1,34945,56,18,20,12.37075316
193.107145,36,3 0 7 3 2 1 4 0 8 0 0 9 6 6 2 10 0 11 3 2 11 10 1 3 5 8 1 1 0 9 0 0 3 11 7 0,0,100001,-1,-1,21,13.2624066
93.34977,36,0 5 2 3 7 8 9 6 7 11 3 4 7 2 7 3 1 11 3 8 6 6 10 2 6 8 0 9 10 3 4 8 4 11 4 11,1,67143,80,14,20,12.65575071
3.314993,36,4 8 1 9 5 3 3 3 0 1 11 1 11 8 0 5 10 0 0 2 2 6 8 6 8 8 8 6 6 3 0 2 11 6 6 7,1,3557,34,10,15,9.208251183
32.188835,36,10 3 5 1 8 6 7 10 0 4 1 11 9 8 0 9 0 3 7 5 8 1 11 7 2 5 2 6 6 11 7 0 5 10 0 11,1,18170,78,12,17,10.79540107
27.791063,36,4 5 1 3 1 8 4 8 4 1 3 1 2 6 6 7 2 7 4 8 0 5 9 5 1 6 11 6 8 4 3 0 2 0 4 11,1,24226,16,12,19,12.14180968
48.218172,36,10 3 6 9 1 0 9 8 4 4 5 0 9 7 11 3 8 4 8 11 10 6 7 4 9 9 6 10 11 9 10 1 0 5 3 5,1,45947,18,12,20,11.03356176
4.693395,36,6 5 10 7 10 5 3 2 2 6 1 0 0 0 1 6 7 2 3 8 9 5 6 10 5 5 10 5 3 5 2 9 2 11 11 11,1,5880,12,8,14,8.295808648
102.952813,36,7 7 10 6 9 6 8 5 1 11 1 8 6 4 3 10 6 5 2 9 10 11 11 6 3 8 4 1 3 6 11 11 2 5 5 3,1,87047,50,14,21,11.80588565
157.386844,36,11 6 11 6 1 9 4 6 1 0 8 3 2 4 4 11 1 4 3 4 6 8 9 5 8 7 8 9 5 3 11 7 5 3 2 3,0,100001,-1,-1,22,13.35944402
89.252221,36,6 4 3 2 7 7 0 8 10 3 4 8 11 3 11 10 11 6 10 8 9 1 10 5 10 0 8 7 6 6 1 2 11 4 4 7,1,70373,90,16,20,12.20847598
139.44665,36,1 9 0 2 6 9 4 6 6 2 7 5 3 1 8 6 6 2 0 1 11 6 10 1 2 10 9 10 8 9 4 11 1 8 0 7,0,100001,-1,-1,21,13.08475882
52.054303,36,10 6 6 8 7 8 4 4 6 7 4 7 5 7 5 10 6 8 11 9 4 2 4 9 11 0 10 10 10 6 3 7 10 5 7 8,1,26258,42,10,18,11.05646499
64.023957,36,3 0 1 0 7 3 11 0 5 5 4 9 4 11 0 9 1 6 3 2 0 10 3 2 2 4 11 2 0 0 3 8 5 7 5 3,1,43062,22,12,21,11.97295295
207.274417,36,2 9 4 8 9 10 11 7 7 6 6 3 10 7 3 3 7 7 0 8 5 0 3 2 9 7 2 9 9 1 10 7 4 2 10 10,0,100001,-1,-1,21,12.84507566
138.543616,36,3 10 11 9 9 10 5 3 6 1 10 1 10 11 10 3 6 1 6 3 6 11 9 0 2 10 0 7 6 11 7 7 6 1 0 9,0,100001,-1,-1,21,12.48679806
48.084961,37,6 9 2 1 0 1 9 4 5 1 5 2 0 5 8 5 5 10 6 9 5 5 9 6 5 5 5 6 4 11 2 7 6 2 1 9 6,1,34563,97,15,21,12.71650527
171.203823,37,0 7 4 2 10 9 7 9 2 11 8 11 3 8 10 7 4 0 4 8 0 3 4 8 5 0 5 1 9 9 11 9 8 1 4 6 10,0,100001,-1,-1,21,12.84004152
148.800249,37,2 9 11 7 8 11 7 5 10 2 3 7 0 8 10 0 9 5 0 7 7 4 4 11 4 9 2 2 10 11 11 11 8 3 11 8 6,1,84945,69,11,20,12.84399574
173.867708,37,6 8 3 2 10 6 7 5 0 7 4 4 0 0 5 9 7 9 10 5 0 10 7 7 3 5 0 10 7 11 1 3 2 9 5 4 0,0,100001,-1,-1,22,13.76235815
5.26601,37,8 8 11 2 10 10 2 6 4 1 0 11 10 10 7 3 6 7 7 3 1 4 11 2 1 5 3 8 11 7 11 4 5 5 4 2 4,1,5270,113,11,17,9.671721257
281.595505,37,5 1 5 0 3 0 5 5 2 3 11 8 1 6 9 9 10 5 4 1 8 5 5 6 7 5 6 9 10 0 2 9 10 11 8 10 1,0,100001,-1,-1,20,12.71071498
73.496911,37,2 7 5 1 6 9 7 8 5 10 7 5 2 2 6 5 0 3 11 9 8 10 1 5 0 0 7 0 11 9 2 2 0 9 9 8 11,1,46456,103,15,18,11.65420098
103.210812,37,0 4 4 4 11 2 2 6 7 3 1 3 3 8 10 8 8 4 11 7 6 1 11 11 11 0 3 2 10 9 8 8 9 5 10 3 10,1,73908,79,15,22,12.53692607
206.980884,37,9 9 4 6 9 1 6 5 0 7 11 4 4 8 9 4 9 4 6 7 6 5 7 10 8 10 7 8 0 1 4 11 6 8 11 1 1,1,87794,151,17,22,13.53327326
115.271646,37,7 4 2 6 2 10 0 5 6 9 0 1 11 4 8 9 0 1 5 1 11 0 1 1 2 5 3 8 0 11 7 2 11 3 1 1 5,1,73652,49,11,21,12.54710198
54.569463,37,8 11 1 5 10 8 6 10 7 7 3 4 5 7 6 2 1 3 2 4 5 2 11 3 5 4 4 9 10 0 0 0 7 9 0 3 11,1,32099,23,13,23,12.91194538
157.212439,37,0 0 1 2 2 4 0 4 5 8 1 9 8 1 1 1 6 7 0 9 11 0 0 7 7 8 7 10 9 1 1 6 10 3 6 2 11,1,91046,39,13,20,13.24574216
151.239662,37,8 0 4 7 9 11 10 3 0 5 5 5 2 6 10 2 0 7 2 7 4 11 1 10 3 11 9 1 10 9 7 5 7 5 8 7 11,1,68505,157,15,21,12.82665144
11.757523,37,11 11 10 5 1 2 7 10 1 0 4 0 8 7 11 11 2 11 4 6 8 3 4 9 6 1 8 8 9 11 2 5 6 3 11 11 1,1,11707,19,11,19,11.23052112
18.158049,37,7 0 11 4 7 7 4 0 5 3 8 1 5 6 1 5 9 9 11 4 5 6 4 3 8 4 2 5 10 7 3 8 6 6 8 0 0,1,19104,29,15,19,11.59567774
149.930131,37,3 5 0 4 8 3 0 0 1 2 9 0 7 10 1 4 9 9 10 10 11 1 4 3 5 4 4 11 7 10 9 0 9 11 9 1 9,0,100001,-1,-1,21,12.61815623
114.149773,37,3 6 4 6 5 3 11 6 8 3 11 1 1 8 11 1 11 10 7 6 3 0 3 2 9 6 8 9 11 8 5 10 5 6 1 3 5,0,100001,-1,-1,19,12.04622811
63.303137,37,1 4 9 8 8 8 7 8 7 6 3 0 9 1 0 0 5 5 9 7 7 8 10 11 11 7 6 6 3 6 9 8 5 1 3 8 11,1,26866,229,11,22,12.51219355
157.295264,37,10 11 4 3 4 6 2 9 10 6 1 2 10 0 1 10 9 9 11 2 1 5 5 2 9 9 9 6 6 11 7 3 3 4 4 8 11,1,90838,59,13,21,12.93906193
166.718198,37,4 5 4 0 11 11 7 2 11 2 3 3 6 10 3 11 11 0 5 1 5 3 3 7 3 8 6 9 6 10 5 5 5 4 3 11 2,0,100001,-1,-1,22,13.60012935
213.393293,38,4 3 5 0 0 5 1 0 1 2 2 9 9 9 6 6 2 5 2 2 4 9 0 9 6 5 0 5 3 10 1 2 6 5 4 5 10 9,0,100001,-1,-1,22,12.37543193
176.31381,38,3 10 11 6 5 1 9 0 1 4 11 7 2 1 0 2 4 2 3 3 7 7 9 4 4 4 6 5 5 7 0 2 7 5 3 4 5 8,1,75842,290,14,21,13.63066405
112.120175,38,3 2 6 1 3 0 7 5 6 3 6 9 9 8 3 0 0 9 6 10 1 6 2 5 7 6 8 1 11 2 3 2 0 2 1 2 3 2,1,61357,20,14,20,12.28618915
90.145891,38,0 7 8 3 5 4 7 3 1 0 11 4 2 5 8 8 9 0 9 6 10 11 10 0 8 0 3 6 11 1 0 1 9 1 10 8 10 10,1,47676,104,12,21,12.9260369
19.718193,38,6 4 2 0 11 0 10 11 4 3 11 9 0 5 0 11 4 4 1 11 7 4 1 10 10 3 6 10 5 6 1 11 0 0 2 2 11 3,1,18177,74,18,20,10.718695
13.945489,38,9 11 10 2 10 1 5 10 5 8 11 6 4 7 3 8 3 8 7 6 10 3 7 6 4 11 8 6 5 7 3 1 1 5 8 10 0 3,1,14874,56,14,17,10.72263674
170.046836,38,0 3 0 9 1 8 3 1 2 4 1 11 8 8 4 1 8 10 3 10 0 2 0 3 11 1 3 6 2 7 11 6 7 2 4 1 3 11,0,100001,-1,-1,22,12.64284236
66.08823,38,4 7 3 5 3 4 9 10 10 0 1 9 0 3 11 8 8 7 8 4 1 9 6 8 11 10 10 11 4 3 8 3 4 3 10 11 9 6,1,41451,200,12,19,11.87014059
165.372793,38,7 6 2 7 0 9 9 2 9 7 7 0 0 4 5 5 0 0 0 5 9 4 7 3 5 4 6 7 3 6 4 11 4 7 9 9 4 6,0,100001,-1,-1,21,13.23280429
78.488732,38,4 5 10 5 9 10 5 5 4 4 9 8 5 8 0 1 0 9 4 9 10 11 11 7 9 2 11 6 6 3 11 11 1 1 5 5 4 1,1,54075,56,14,22,12.71726019
130.217636,38,0 3 0 0 8 3 3 1 8 11 4 9 10 11 1 8 9 9 11 7 5 1 10 8 8 8 11 9 1 5 5 3 2 3 6 1 6 1,0,100001,-1,-1,20,12.47379885
116.470349,38,4 9 11 10 1 5 8 8 8 7 6 4 9 7 3 2 6 8 7 11 2 11 8 4 7 3 10 6 11 10 5 8 11 10 7 5 3 0,0,100001,-1,-1,19,11.8208916
220.822576,38,2 11 4 6 8 7 11 9 11 8 11 4 3 1 3 11 10 10 3 7 6 10 1 9 4 0 0 11 6 8 1 8 5 4 5 5 7 9,0,100001,-1,-1,20,13.43784868
136.290785,38,11 0 10 1 6 9 9 6 11 1 10 7 8 9 2 10 9 11 0 2 2 11 11 6 3 4 3 5 10 5 7 8 5 2 1 9 7 11,1,99245,142,12,20,12.41205596
139.929352,38,11 11 9 11 2 9 0 5 2 0 1 2 5 10 8 6 10 7 9 10 3 4 7 6 3 5 9 0 10 6 10 11 4 2 7 5 0 4,1,90631,76,12,22,13.25159966
88.683688,38,8 1 2 0 0 3 0 0 5 4 0 2 10 6 2 10 5 1 4 8 5 5 9 10 7 7 2 10 1 10 9 1 2 6 11 4 5 1,1,80962,28,12,19,12.28251954
3.585101,38,3 11 6 9 7 7 0 4 9 11 2 4 7 5 7 3 10 0 0 1 8 7 9 4 1 6 3 4 4 1 8 6 9 11 6 4 9 11,1,3742,46,12,14,8.505080374
141.497189,38,7 5 9 0 8 4 0 11 9 8 0 9 1 10 11 10 11 6 10 8 7 7 5 0 7 0 0 7 3 5 2 7 6 10 1 2 6 3,1,97371,34,14,22,12.61856934
112.874546,38,6 4 5 7 6 7 6 9 0 5 9 2 11 1 0 3 10 1 9 11 2 2 5 6 5 0 7 6 5 5 4 5 2 4 1 5 7 4,0,100001,-1,-1,21,12.93771024
148.586043,38,10 6 11 4 6 2 11 11 10 6 11 7 10 8 4 7 2 2 5 1 4 0 9 1 8 10 0 0 3 1 0 1 9 6 2 4 3 2,0,100001,-1,-1,20,12.23130525
3.834222,39,2 11 10 1 1 9 5 9 10 10 1 4 11 9 8 8 9 7 0 1 10 5 10 9 4 6 9 0 7 9 8 10 10 11 9 0 7 5 3,1,3123,13,9,16,9.907489337
147.424152,39,4 5 4 2 1 6 7 10 0 1 10 0 7 8 0 0 9 10 1 2 6 7 4 6 8 10 11 1 9 2 1 9 6 7 2 7 7 10 1,0,100001,-1,-1,21,13.69089997
166.979798,39,7 3 1 2 10 0 3 0 7 8 0 8 8 10 3 8 9 4 11 3 8 8 11 0 8 9 2 0 0 3 4 1 0 8 6 8 7 4 3,0,100001,-1,-1,21,13.58645721
233.012049,39,3 8 3 6 11 10 2 10 11 6 9 5 8 7 0 1 3 10 0 5 1 5 9 11 6 5 1 8 9 9 6 11 3 10 10 10 7 10 1,0,100001,-1,-1,20,13.10463254
3.067313,39,6 11 7 7 3 5 8 1 10 5 10 6 6 1 0 0 2 7 2 1 5 2 10 8 4 4 9 10 5 7 5 3 0 10 5 8 3 7 6,1,3045,87,11,15,9.846596601
165.054445,39,11 11 7 2 11 8 8 0 8 10 2 5 2 1 9 4 5 10 1 8 7 3 6 8 5 6 9 8 5 0 5 8 4 8 11 1 6 11 3,0,100001,-1,-1,21,13.22910357
182.861751,39,10 8 1 2 1 2 1 5 9 11 0 10 6 2 5 3 7 4 8 5 1 9 1 11 11 1 6 2 7 7 5 9 8 4 5 9 6 1 1,1,99488,161,13,21,12.97726102
34.154228,39,9 2 2 5 10 10 9 8 9 6 4 0 7 5 8 10 6 6 6 4 4 5 10 0 11 3 1 8 10 1 10 11 2 7 7 3 7 4 0,1,29457,65,13,18,11.00503448
18.136099,39,11 11 7 8 1 9 1 4 6 11 11 6 1 6 2 11 8 5 6 5 6 7 0 8 7 4 2 7 4 8 11 9 11 10 2 1 11 1 9,1,20766,27,13,17,9.932328655
31.662362,39,2 9 2 6 1 11 9 4 11 9 8 4 9 10 3 2 4 6 5 4 9 2 10 9 5 10 2 1 3 8 4 5 4 7 10 0 1 11 0,1,24013,29,11,20,12.60006152
34.009331,39,5 2 11 8 1 3 1 11 9 11 9 1 5 6 2 9 6 11 3 3 1 0 5 6 6 7 7 3 3 1 2 11 7 7 8 6 2 2 6,1,16309,349,15,17,10.72550147
10.322431,39,8 0 4 8 0 8 10 8 8 10 8 8 8 11 11 7 0 11 7 4 11 6 6 11 4 7 11 7 0 7 7 3 2 5 2 5 6 5 1,1,10131,53,11,18,10.51086972
118.711742,39,10 3 2 3 7 8 10 2 2 3 6 9 1 10 6 7 11 0 5 8 3 3 11 4 0 8 4 0 11 7 5 3 7 7 2 3 6 7 11,0,100001,-1,-1,20,12.44492052
65.264821,39,10 0 7 9 10 2 1 3 11 6 5 10 2 0 8 6 7 9 7 10 1 6 6 5 7 9 4 6 2 0 2 5 2 6 3 1 4 4 3,1,50690,91,15,19,11.10222963
46.705252,39,9 1 5 8 3 6 9 5 4 2 1 6 6 5 7 2 7 5 9 1 9 2 5 10 7 7 0 9 10 11 2 3 1 3 2 2 6 9 11,1,25315,69,13,17,11.13612638
21.183518,39,9 10 2 0 9 5 2 11 10 0 9 0 7 4 5 0 0 5 0 7 11 0 7 6 3 3 1 9 0 9 6 7 8 3 10 11 8 1 0,1,16806,57,15,19,11.68937196
71.166562,39,1 11 8 9 10 1 8 9 8 7 4 7 11 8 11 0 0 4 11 10 1 2 11 1 2 3 4 4 1 1 0 5 5 10 8 6 8 6 1,1,54167,35,11,19,12.06634031
37.982187,39,6 7 8 1 5 4 8 11 8 1 8 3 7 2 4 8 10 8 8 9 7 9 8 3 0 7 4 3 8 1 8 10 11 7 5 3 11 4 8,1,43645,31,15,19,11.21746976
9.788398,39,4 4 6 7 7 5 6 11 8 4 1 9 8 4 3 5 4 1 11 8 1 9 1 9 4 9 4 11 9 8 11 2 0 5 0 3 2 4 8,1,11090,15,9,16,9.646703099
153.105962,39,10 0 1 4 3 3 8 3 4 9 2 0 0 0 9 10 2 3 5 2 1 2 2 4 4 5 7 2 11 6 3 3 6 5 10 6 5 6 6,0,100001,-1,-1,20,12.28480124
0.581328,40,9 5 8 7 9 7 3 11 11 10 8 1 11 0 4 11 7 11 6 10 3 2 0 3 5 7 9 1 2 5 3 5 0 3 7 9 4 4 3 6,1,384,22,10,12,6.601588171
127.304796,40,0 2 1 6 6 4 7 11 10 0 5 8 0 2 1 5 4 3 7 8 8 1 1 11 8 11 4 5 10 2 4 9 6 1 5 8 8 5 10 11,1,64313,20,12,22,12.80847769
59.959629,40,8 0 0 3 7 11 2 2 2 1 5 0 9 0 11 7 0 9 2 2 10 2 3 2 4 11 3 5 10 6 1 6 3 4 6 3 6 5 6 11,1,47965,104,14,20,12.23770917
58.467741,40,5 7 7 5 5 3 3 7 2 6 8 0 5 2 0 4 7 5 4 2 2 9 10 11 0 5 0 2 4 6 10 10 5 1 11 7 9 5 5 2,1,37515,64,12,21,11.82344856
190.465078,40,3 0 10 8 4 0 7 2 11 0 2 11 4 3 11 11 4 6 6 8 11 8 0 10 2 3 11 10 1 8 4 1 9 5 10 11 3 0 9 2,1,93685,110,14,19,12.73103299
68.539396,40,5 3 1 6 9 4 9 4 8 11 10 2 0 10 0 2 2 3 8 10 8 3 7 0 3 0 4 11 3 0 10 11 7 3 4 2 10 9 7 7,1,55109,62,12,19,12.62485159
53.163831,40,9 6 8 3 2 0 4 2 6 11 3 10 5 9 5 9 4 1 3 7 4 3 4 6 6 5 5 7 4 0 3 5 4 6 3 4 2 9 8 10,1,23846,86,10,21,13.17360727
120.072927,40,4 6 5 6 7 10 10 6 4 3 5 9 9 5 5 6 9 11 11 4 2 1 4 5 4 5 10 11 11 3 5 5 7 5 10 8 6 9 0 2,0,100001,-1,-1,21,12.55438166
3.603872,40,3 3 10 9 9 6 8 5 5 10 10 9 2 6 8 3 5 2 2 9 11 6 3 8 7 10 7 9 0 11 8 4 1 5 5 10 1 1 6 2,1,4182,52,8,15,9.206447595
110.517194,40,10 8 10 9 11 10 8 11 2 3 11 3 6 1 2 5 1 9 9 6 11 8 9 9 6 3 6 7 3 7 0 5 3 8 1 0 8 5 8 9,1,49856,56,12,21,12.45577758
19.88195,40,7 0 1 9 4 0 0 4 6 7 3 2 10 3 1 9 0 1 10 1 0 4 2 2 10 9 9 0 2 10 11 4 11 1 10 7 4 5 6 7,1,13736,28,12,20,12.36088031
56.888747,40,0 1 5 10 9 7 0 2 2 6 10 3 3 6 2 5 8 0 3 4 1 10 2 0 0 9 8 7 5 9 0 3 10 7 2 2 7 11 10 6,1,29835,18,10,21,12.28188154
31.736797,40,5 6 8 5 7 10 3 5 10 11 9 0 1 5 6 11 2 9 2 11 2 9 9 5 3 5 7 6 10 10 1 8 4 2 1 8 8 9 8 8,1,25790,42,16,19,12.15376408
158.972993,40,0 4 8 7 10 8 10 2 11 7 11 8 10 3 11 3 4 8 9 1 3 0 4 1 10 0 2 1 5 5 7 8 11 10 0 3 5 9 4 5,0,100001,-1,-1,21,13.00711642
26.308036,40,10 11 8 9 10 6 4 1 8 1 0 11 2 0 8 8 0 7 5 5 2 2 11 11 2 2 0 3 11 6 5 1 8 11 8 6 11 9 1 4,1,23157,22,16,22,12.12599399
5.535378,40,10 2 0 8 3 6 2 9 0 1 2 6 1 5 4 3 10 11 8 11 10 3 0 1 6 10 10 5 9 5 1 10 8 5 6 9 4 4 4 4,1,5932,38,14,16,10.19770209
31.316221,40,3 11 6 2 11 1 1 6 6 9 5 9 9 0 7 0 5 10 1 3 5 3 1 4 4 2 3 2 2 4 6 7 2 7 2 11 9 4 1 2,1,29303,42,12,18,11.40052545
16.048325,40,11 11 4 11 7 9 1 1 4 0 11 6 1 2 10 9 0 2 0 3 3 3 6 7 9 5 4 4 9 5 6 4 7 7 7 0 9 8 8 4,1,14208,114,12,18,10.16277062
22.591626,40,0 10 11 8 3 1 4 4 0 8 0 0 7 11 0 10 7 2 0 1 3 0 1 10 7 0 9 4 0 8 4 3 10 1 4 0 5 5 1 10,1,19325,88,12,17,11.50710415
49.357875,40,9 8 7 8 7 7 7 10 7 6 8 10 11 9 8 10 11 3 1 3 5 7 3 1 10 3 1 4 3 7 10 10 10 5 9 2 7 6 10 5,1,27327,168,12,21,11.84790657
1.389085,41,11 3 11 3 5 8 8 0 11 0 2 6 2 2 0 9 9 10 11 0 3 7 2 5 6 2 4 2 3 6 10 6 6 1 3 3 8 9 11 9 9,1,1807,35,11,14,8.313753516
34.510743,41,8 7 8 11 9 8 3 11 11 2 3 6 8 0 1 10 5 1 2 9 7 3 3 10 0 5 8 5 3 8 8 9 4 6 8 3 1 0 0 1 10,1,24859,49,13,22,12.65001365
175.045966,41,3 4 3 2 10 10 3 5 10 2 6 8 0 4 1 6 5 3 0 9 4 9 11 1 9 11 2 3 10 9 5 9 10 3 8 8 9 0 3 8 4,0,100001,-1,-1,22,13.96353683
13.512039,41,10 0 7 5 3 6 3 11 9 10 0 1 8 11 0 11 10 0 7 2 5 3 7 7 9 10 3 11 3 4 8 0 7 3 1 9 7 7 5 7 4,1,9796,105,9,17,11.1578794
119.975118,41,8 8 9 9 11 10 9 1 10 6 2 1 1 5 2 2 1 3 7 9 7 8 0 4 5 0 5 2 11 9 11 1 5 10 5 2 7 10 3 2 6,0,100001,-1,-1,20,12.21093959
167.357015,41,9 5 6 3 2 6 4 1 2 5 5 2 9 7 5 10 3 0 3 3 4 5 4 7 7 9 4 1 0 10 7 2 7 2 4 2 0 10 8 11 8,0,100001,-1,-1,22,13.72184359
30.920067,41,11 2 4 7 11 1 5 0 11 10 11 2 3 4 11 8 0 3 11 6 6 11 11 0 11 0 8 8 7 4 8 7 6 8 9 6 4 5 5 10 6,1,20171,157,13,20,12.03788338
92.634046,41,8 6 9 10 2 2 7 3 1 6 1 11 8 7 8 3 11 9 5 7 9 2 3 5 3 10 8 8 7 2 3 5 1 8 10 10 5 3 7 7 2,1,89127,71,13,19,11.3988226
110.311476,41,3 0 1 5 0 9 5 5 6 4 7 7 4 5 9 5 6 9 1 2 1 3 10 3 10 11 3 3 4 6 3 1 10 7 8 3 10 5 6 7 3,1,74376,31,11,21,12.94548623
19.901975,41,8 11 11 10 10 9 8 8 9 9 5 7 10 1 0 5 5 2 2 2 3 7 11 4 5 9 7 7 6 5 2 7 11 7 10 1 2 7 10 11 8,1,18959,73,19,19,11.74782096
174.115116,41,9 8 7 6 6 9 5 0 11 7 4 8 5 10 7 2 7 10 9 1 9 11 11 9 9 10 11 2 7 7 10 1 3 2 9 9 4 4 6 8 10,0,100001,-1,-1,19,12.52329355
219.333607,41,2 1 4 5 7 3 11 7 0 3 6 3 6 3 5 1 5 4 1 0 10 5 7 4 3 2 10 8 7 10 11 9 10 2 3 11 7 9 1 2 6,0,100001,-1,-1,20,13.00947652
12.412616,41,9 1 3 5 1 10 0 9 4 4 1 0 0 3 4 1 9 6 1 6 1 10 7 10 11 8 10 3 0 4 3 1 8 4 2 9 0 5 6 4 1,1,13802,21,13,18,11.34446054
266.509398,41,6 8 4 0 1 5 6 8 5 0 7 5 7 10 9 11 9 4 3 2 0 7 11 1 1 3 2 5 8 7 8 4 1 6 10 5 7 2 5 7 9,0,100001,-1,-1,22,13.29310041
72.747244,41,10 1 10 6 7 11 0 9 1 6 8 4 8 3 1 9 2 9 2 0 8 11 0 8 0 10 2 4 4 4 11 9 8 11 11 3 6 1 8 8 7,1,44735,45,13,21,13.60178987
59.845871,41,9 0 11 11 4 4 3 1 1 3 11 1 2 6 7 9 0 2 9 8 7 9 9 8 6 6 3 8 0 8 8 0 10 6 6 2 9 10 11 8 9,1,48926,37,15,18,12.03995868
59.655753,41,9 6 6 11 1 10 8 5 0 5 2 6 7 9 1 0 8 4 2 1 11 7 9 2 6 8 11 4 3 5 9 5 0 2 0 3 11 2 11 3 1,1,25643,147,9,19,11.13917567
62.732961,41,3 0 5 4 1 0 8 3 5 5 2 11 6 4 2 7 4 6 5 1 8 9 1 1 5 1 5 1 9 7 6 6 9 0 2 1 0 11 1 10 1,1,48453,101,13,20,11.85936646
185.214902,41,2 2 3 8 7 10 0 8 8 5 4 9 7 6 9 7 2 4 11 9 9 1 5 8 11 9 4 1 5 6 4 3 8 10 8 8 4 6 2 5 4,0,100001,-1,-1,22,12.80277256
129.134465,41,8 6 8 5 1 0 10 11 6 9 5 6 2 0 7 0 7 4 2 7 11 6 3 7 0 3 2 1 5 6 11 6 4 0 3 5 8 9 7 5 0,1,88598,15,15,19,12.64697428
188.832957,42,3 4 5 1 0 1 11 11 0 11 0 7 0 0 11 9 6 7 3 5 6 7 11 6 8 11 6 10 6 1 11 0 3 4 8 3 6 5 4 11 11 7,0,100001,-1,-1,22,13.08634427
102.867646,42,4 5 7 8 0 10 8 3 10 6 7 11 1 1 9 6 8 10 9 1 3 0 4 9 11 0 5 7 8 11 2 2 11 11 3 1 6 3 1 8 11 6,1,65745,24,12,23,13.62972747
1.424708,42,0 9 8 8 3 10 6 8 9 4 2 6 6 7 3 3 6 5 4 4 7 10 2 2 9 4 11 2 7 3 7 2 3 4 3 7 2 11 2 4 6 8,1,1306,26,8,13,7.546249691
14.684537,42,8 1 10 0 4 2 4 8 4 7 4 9 6 3 0 2 7 9 1 5 6 8 10 7 3 5 4 3 2 11 9 5 3 3 5 5 3 1 5 1 8 6,1,15240,24,12,17,11.27550343
72.956408,42,5 0 11 4 9 2 11 8 4 11 9 0 7 11 3 6 9 5 2 7 11 6 2 1 6 9 5 10 10 3 4 0 9 1 5 0 2 0 8 5 0 5,1,31186,112,16,19,11.36248183
56.604707,42,7 3 8 6 3 10 6 11 6 8 10 11 0 9 9 1 2 3 3 1 4 3 11 6 4 7 2 1 1 1 3 7 4 1 0 9 4 6 4 4 6 3,1,43603,48,14,18,11.5617337
60.513201,42,10 9 2 3 8 3 7 10 1 3 4 5 6 11 11 1 1 11 0 3 10 3 11 11 0 7 7 10 0 0 4 3 10 10 10 1 8 0 2 7 6 8,1,52552,38,12,20,11.8338833
85.385018,42,9 6 6 11 7 4 5 6 10 8 7 7 0 3 8 9 9 9 4 3 3 3 11 8 0 8 5 4 9 1 4 11 11 7 8 6 3 11 0 0 7 10,1,55766,34,16,20,12.55011491
25.633945,42,5 0 11 11 2 11 11 4 6 4 8 6 6 11 6 7 11 8 5 4 8 7 9 6 3 11 9 8 8 5 6 10 10 10 5 1 8 11 8 11 9 11,1,17059,38,12,18,10.55367139
19.246165,42,8 1 11 1 11 4 1 0 8 9 10 10 2 0 10 10 11 10 7 5 8 11 6 4 5 4 4 6 4 6 3 10 5 2 2 10 0 3 3 8 3 4,1,7923,30,12,19,10.85244767
1.687852,42,11 6 9 0 8 10 10 6 1 10 6 4 4 11 4 1 10 7 10 0 1 8 10 10 9 1 3 1 2 6 2 1 3 3 10 11 10 8 1 3 0 3,1,1966,20,10,15,9.038717838
20.832708,42,10 0 9 2 1 0 9 8 10 2 6 7 9 5 5 1 1 1 10 9 5 1 0 11 4 8 4 1 9 8 8 8 0 5 2 2 6 6 2 5 9 5,1,14688,40,12,18,10.86203614
48.145968,42,9 0 1 9 10 2 1 9 0 11 7 10 9 10 1 10 6 11 2 5 9 11 0 4 6 2 10 5 5 4 2 3 7 8 0 8 10 6 11 3 6 4,1,22536,28,12,19,12.24159749
58.135322,42,6 6 10 11 11 1 5 7 7 5 10 6 9 6 10 7 3 10 7 7 3 10 8 3 8 5 0 9 10 1 1 8 5 4 6 11 3 1 2 11 3 7,1,34323,50,12,21,12.48216471
132.311199,42,11 7 4 0 2 0 3 8 5 9 5 6 6 11 4 3 8 4 2 6 8 9 7 5 10 11 2 6 5 5 4 11 2 6 11 10 3 0 11 2 5 8,0,100001,-1,-1,20,11.99559916
2.131323,42,8 3 3 8 11 8 8 3 0 5 4 0 5 8 11 4 2 1 8 1 1 8 3 6 1 4 4 2 9 7 7 7 8 7 4 7 9 10 11 7 11 1,1,2427,34,10,13,8.671096068
1.908957,42,0 0 10 5 4 8 3 1 5 8 0 1 9 4 3 4 4 6 5 9 11 7 3 11 6 3 4 6 7 8 7 7 9 5 7 2 0 11 9 10 5 3,1,2709,26,10,14,8.239137208
17.159111,42,5 8 9 0 7 9 0 3 5 9 7 11 7 6 2 7 3 11 4 8 0 3 0 3 10 7 6 9 0 2 2 0 3 0 3 2 10 0 8 7 6 4,1,19788,38,14,19,9.607293008
54.797483,42,0 9 7 3 5 2 1 2 7 6 7 3 4 8 1 11 11 11 7 6 11 0 10 0 0 4 2 0 11 3 3 8 8 7 4 8 5 7 7 11 2 5,1,23778,246,18,21,12.474544
84.805121,42,0 1 3 7 5 9 5 6 3 3 11 8 11 4 3 8 1 11 4 8 10 3 3 1 8 9 1 1 8 3 8 10 1 3 5 10 0 5 2 1 2 2,1,52235,48,14,19,11.64606589
230.730504,43,5 2 4 2 6 7 8 5 10 10 0 3 2 11 7 0 8 9 1 6 2 9 9 4 4 4 7 9 10 2 6 10 1 8 10 3 1 3 6 11 11 4 6,0,100001,-1,-1,23,13.73696995
24.322609,43,8 7 8 6 7 0 5 8 8 7 0 8 0 10 8 5 2 10 2 4 0 3 10 5 1 6 10 0 8 11 10 10 9 2 3 4 3 6 3 6 9 0 2,1,24020,33,15,18,11.459943
88.562892,43,2 6 1 5 1 3 10 10 5 10 1 6 11 11 8 4 4 3 3 6 5 3 3 3 6 6 2 9 1 6 6 8 6 2 10 7 6 3 4 0 9 7 9,1,49276,181,15,21,11.9961474
105.093064,43,8 1 5 6 6 1 8 6 3 5 1 1 3 10 10 11 3 7 2 10 1 9 1 11 1 6 1 4 9 8 6 10 8 10 1 1 5 1 8 0 8 0 5,0,100001,-1,-1,20,12.44921265
133.905089,43,5 3 3 6 5 6 9 7 9 2 9 8 3 7 8 6 6 9 9 1 0 7 9 5 1 11 4 9 6 4 9 4 4 1 3 7 8 5 9 6 9 1 8,1,96480,49,13,19,11.98125278
23.835074,43,0 5 3 8 9 6 6 9 1 4 1 9 5 4 9 0 10 8 8 8 11 4 8 0 8 4 8 9 9 5 10 0 11 7 7 7 4 0 11 9 4 9 5,1,20099,57,11,17,10.82623292
158.215739,43,3 4 5 1 10 10 11 11 6 4 3 0 7 6 4 1 4 5 1 2 2 3 5 1 4 7 3 3 5 1 2 10 5 9 9 5 4 2 11 10 8 11 4,0,100001,-1,-1,23,13.6363354
58.249184,43,3 11 2 0 10 1 11 7 10 2 5 5 1 3 2 11 6 8 7 9 0 2 11 9 9 6 4 7 10 11 8 10 2 0 2 7 5 3 11 9 8 11 9,1,40697,37,11,19,11.81581347
147.102572,43,1 2 2 4 6 6 7 6 6 3 0 4 1 1 11 3 2 10 2 9 1 6 5 8 3 11 7 0 4 3 1 5 0 2 7 11 0 9 9 5 0 7 10,0,100001,-1,-1,20,12.1905029
80.977736,43,2 9 6 5 10 7 5 7 11 4 6 1 5 3 8 6 2 9 11 7 8 8 7 2 7 2 6 4 7 3 10 5 5 8 3 6 5 5 5 8 11 2 5,1,51749,93,13,20,12.86746847
136.613441,43,0 7 3 11 8 11 1 4 3 8 5 2 0 1 1 2 4 11 0 7 8 10 2 2 4 6 11 11 8 1 4 8 5 7 7 2 9 7 5 3 0 5 2,1,79066,93,13,21,12.90498372
49.351559,43,9 0 5 4 5 2 0 0 2 9 5 2 0 8 6 3 1 5 10 0 0 3 11 8 6 10 3 6 5 0 3 3 10 7 5 1 10 0 11 9 11 9 7,1,43981,39,15,19,11.71752673
172.160815,43,11 8 6 8 1 3 1 11 7 4 2 11 11 11 0 9 4 9 1 8 6 4 6 9 9 11 0 1 4 1 1 9 9 9 5 3 11 8 0 2 0 2 6,1,82170,187,13,22,13.70239981
62.991122,43,11 9 5 8 11 9 0 5 2 0 9 7 11 7 9 2 5 7 4 9 4 9 8 5 5 6 1 4 3 4 7 4 9 2 9 4 8 5 4 8 9 0 4,1,44666,33,13,22,12.8026426
14.725551,43,10 5 5 10 11 9 4 6 9 2 10 2 9 2 3 10 0 2 2 1 1 3 5 2 3 2 5 4 6 7 5 6 1 3 3 11 8 4 2 4 9 7 11,1,16461,21,11,17,10.33676014
37.577123,43,11 9 7 2 4 7 8 3 8 7 5 0 0 9 8 11 2 4 1 11 2 1 5 10 1 4 11 9 6 9 8 8 10 0 8 11 9 5 7 8 3 2 10,1,18772,111,11,19,11.98554092
31.901668,43,5 6 9 2 4 5 4 1 6 6 3 0 8 5 5 5 6 3 4 0 2 4 1 0 0 7 2 6 6 7 5 2 4 2 3 7 4 7 9 11 1 0 4,1,33568,51,17,21,12.10994215
115.764764,43,2 7 3 1 11 9 0 10 2 6 9 7 11 3 0 7 4 9 5 10 5 7 3 10 3 2 10 10 9 8 3 4 2 6 7 0 7 3 2 10 9 8 4,1,96209,45,11,21,12.31287754
146.880677,43,3 6 9 9 0 8 9 0 9 4 1 9 4 0 0 7 7 10 10 9 7 0 2 7 10 1 10 9 0 1 8 7 11 0 1 10 3 10 7 3 8 5 3,0,100001,-1,-1,20,12.22128483
218.183765,43,4 1 5 0 3 4 2 1 1 8 7 9 11 1 4 8 4 6 2 5 7 2 4 9 0 10 1 9 11 6 6 1 3 11 7 6 9 2 9 7 8 5 6,1,80491,299,13,21,12.57470507
172.720609,44,10 1 0 7 3 5 10 2 0 9 4 5 0 2 6 2 11 6 7 8 1 6 8 8 4 4 6 9 7 10 7 10 9 5 8 0 4 7 9 0 3 10 3 5,0,100001,-1,-1,21,12.95590905
12.36801,44,10 2 11 7 10 7 4 6 5 10 10 10 3 6 2 6 11 10 1 10 5 0 1 6 4 0 2 0 8 1 4 8 4 1 11 9 0 3 5 2 1 0 9 6,1,12912,54,12,17,9.624619006
56.277666,44,10 5 2 3 1 2 3 4 11 3 2 7 3 4 0 4 11 7 10 6 7 11 7 3 0 3 4 8 6 11 6 4 9 6 6 6 6 4 8 6 6 5 7 11,1,52840,28,14,18,11.31576203
10.232893,44,9 6 5 8 6 1 0 2 11 10 1 10 8 9 10 0 0 0 5 4 4 4 0 8 3 0 5 3 1 6 6 3 1 3 2 9 11 9 5 1 8 5 7 6,1,11558,36,12,16,9.585962262
106.681671,44,11 2 10 10 2 3 11 11 7 5 0 4 4 0 7 3 7 5 2 0 8 1 1 11 8 7 2 7 5 3 4 2 0 11 1 1 9 11 9 6 10 7 10 11,1,70728,34,14,20,12.46433268
115.007422,44,4 8 6 6 1 9 9 8 9 7 4 11 9 2 4 8 4 11 7 11 8 10 0 8 11 6 2 6 8 10 9 0 11 7 4 7 9 9 1 0 7 8 10 6,1,58835,100,14,19,12.29146483
11.246034,44,7 6 2 0 4 5 9 5 5 6 8 8 7 5 6 2 0 5 10 9 6 5 1 1 11 2 6 5 4 3 7 10 3 0 3 10 8 3 7 9 4 9 4 8,1,9753,20,12,16,10.03573506
39.397485,44,6 2 1 5 5 1 8 8 6 3 10 8 3 6 1 9 9 10 8 4 4 6 5 9 9 8 3 10 8 6 5 3 10 1 10 11 3 1 9 9 4 5 10 11,1,28766,112,10,18,11.08372636
259.218266,44,3 2 9 7 5 2 7 5 1 3 0 7 0 3 10 9 5 3 8 5 3 8 9 1 8 0 1 6 9 5 2 1 10 1 6 3 0 7 4 0 10 1 4 11,0,100001,-1,-1,20,12.80456439
14.604701,44,7 5 10 2 4 11 6 7 11 2 11 10 10 11 4 7 10 5 6 4 1 2 5 10 3 6 1 4 7 7 3 5 8 0 3 4 9 5 0 11 2 6 6 2,1,10831,56,14,16,10.29905826
140.562566,44,1 9 5 5 0 11 9 0 0 9 6 4 5 6 8 3 6 6 10 6 8 11 0 7 6 4 11 8 10 0 4 5 7 7 7 5 1 10 5 5 2 7 10 11,0,100001,-1,-1,19,12.20350901
34.092594,44,4 9 6 4 9 5 5 4 3 6 6 2 1 1 3 11 4 7 8 5 3 2 10 8 0 3 5 10 7 11 1 10 8 3 5 6 1 1 2 0 11 4 3 1,1,25271,26,10,21,12.91937322
129.889754,44,5 3 5 8 3 7 5 0 2 4 8 6 5 9 4 11 11 2 5 6 7 2 9 6 3 7 5 2 2 11 4 7 3 6 3 10 3 5 5 9 7 11 6 5,1,52542,300,12,19,12.55793533
22.83992,44,8 0 9 1 2 10 11 10 10 6 2 0 4 1 0 10 3 11 7 5 5 5 7 2 2 9 6 5 0 4 8 10 6 6 2 5 5 10 11 6 6 4 0 7,1,15352,80,12,18,11.93742821
130.287576,44,8 6 2 6 6 9 9 6 4 5 5 1 4 1 3 0 0 1 9 9 5 2 7 0 5 6 11 2 5 10 5 7 5 2 6 11 8 10 2 1 2 3 11 10,1,93258,82,10,20,12.39660077
153.661542,44,10 8 7 10 5 0 8 11 4 2 10 1 8 6 10 6 11 11 4 4 5 2 3 5 0 11 0 10 3 10 2 9 10 6 9 0 7 4 9 2 6 7 0 2,0,100001,-1,-1,20,12.64803897
170.024373,44,3 6 11 1 9 7 4 4 9 10 2 6 11 1 0 11 8 1 2 6 2 10 1 2 3 0 0 8 11 7 6 7 10 5 8 0 9 10 5 9 5 2 11 3,1,92957,212,14,21,13.70793391
223.798311,44,4 7 3 3 2 4 11 11 6 5 1 1 9 5 3 10 0 1 6 4 0 0 10 1 8 6 9 8 4 2 10 11 10 9 7 6 11 10 10 5 10 0 5 3,0,100001,-1,-1,19,12.09306345
109.080434,44,10 8 11 11 6 7 3 2 0 1 11 3 10 6 1 0 5 10 2 0 1 0 9 0 8 8 5 4 5 0 2 9 2 10 3 11 6 9 7 4 7 11 6 8,1,57365,36,12,19,11.65014747
68.965251,44,10 3 2 1 10 10 0 5 3 5 2 3 8 8 0 2 9 10 10 1 4 4 9 1 8 9 2 7 2 9 11 0 4 2 6 7 6 9 5 5 3 10 9 9,1,30638,252,14,20,12.51413226
35.222824,45,4 1 3 11 8 1 9 5 5 5 1 2 0 11 3 6 5 7 8 1 11 0 2 9 6 10 7 2 2 5 10 3 8 3 5 3 5 7 5 10 7 7 9 11 6,1,26175,57,11,21,12.20015062
58.513151,45,2 2 4 11 2 9 5 7 6 11 11 0 10 1 1 2 9 7 3 4 7 9 10 2 5 5 4 11 8 5 10 0 4 3 2 0 9 8 7 6 10 9 7 2 11,1,30396,61,15,21,12.66162499
211.351581,45,11 11 8 0 8 3 7 9 8 0 0 3 1 8 1 11 0 7 5 3 3 4 2 7 6 2 1 10 10 3 4 7 11 8 11 10 0 9 1 3 4 0 7 8 5,0,100001,-1,-1,20,12.54489264
48.839613,45,8 0 3 11 7 7 7 2 9 6 6 4 6 3 1 6 1 0 0 8 10 7 11 9 6 2 3 7 8 7 2 2 5 1 8 7 8 6 9 1 5 9 9 4 11,1,31902,67,13,19,11.83011087
4.736019,45,4 1 0 10 6 5 6 1 0 0 1 11 11 8 7 4 8 0 2 7 0 1 1 6 3 4 5 5 3 5 2 0 5 2 1 8 10 6 2 9 7 8 6 4 11,1,4499,67,11,19,12.54986074
10.306485,45,9 8 7 8 4 2 2 4 1 9 9 1 8 5 6 11 2 1 8 0 0 5 5 10 10 2 0 0 7 7 6 6 11 3 8 4 9 1 1 9 2 10 9 6 6,1,10081,17,11,17,10.16635151
155.298179,45,6 10 6 4 9 1 10 9 10 5 4 7 10 11 1 10 10 7 4 4 3 8 3 7 11 7 9 6 4 9 0 9 7 2 10 7 8 6 11 9 9 6 6 9 4,1,96170,105,11,20,12.68592352
238.448079,45,3 6 8 10 10 1 10 2 4 9 2 3 2 9 1 5 5 1 1 6 3 7 5 0 1 9 0 11 9 7 8 11 4 11 0 9 9 2 7 7 10 8 4 3 5,0,100001,-1,-1,22,14.68272161
10.755706,45,6 1 6 5 3 2 2 3 8 1 8 3 2 1 3 1 9 2 9 7 10 7 5 5 3 5 7 2 7 7 9 6 10 7 5 2 2 7 6 4 1 0 3 6 6,1,9519,75,13,17,10.8771248
7.923716,45,3 11 10 3 10 6 3 10 11 2 2 5 5 0 4 5 3 4 11 4 8 8 1 8 5 0 3 6 4 6 11 4 7 6 9 8 0 10 11 11 0 9 10 10 1,1,6921,51,9,18,9.322019977
124.623111,45,0 11 11 2 5 10 7 8 5 3 11 1 3 0 4 0 7 9 9 10 9 1 9 11 3 5 2 6 1 6 4 5 8 3 3 0 1 3 7 3 6 1 0 5 1,0,100001,-1,-1,20,12.22992197
143.163323,45,2 5 6 8 5 3 4 6 4 9 2 0 5 7 7 6 9 2 5 9 0 2 1 2 3 3 8 11 9 8 1 9 9 0 1 4 2 11 6 7 6 3 0 8 1,0,100001,-1,-1,21,12.74695473
150.593223,45,4 8 7 0 7 9 4 9 5 7 6 5 9 4 8 0 9 8 0 4 11 6 8 4 7 10 0 5 10 3 11 9 9 11 10 2 0 5 10 3 8 9 5 1 4,1,71552,27,15,22,12.47613066
24.838223,45,11 7 5 6 7 11 0 9 11 9 10 6 4 6 8 1 8 10 0 3 1 3 11 11 7 4 5 0 7 7 0 1 0 7 9 11 10 11 10 9 0 10 2 0 8,1,19906,97,11,19,11.54460227
171.18857,45,5 2 0 2 1 3 1 2 3 8 6 10 10 8 8 7 8 10 5 3 7 0 3 5 3 8 4 3 5 3 3 1 4 5 1 2 11 9 10 0 2 10 5 2 1,1,99616,127,17,21,13.3951576
116.301725,45,10 3 7 0 4 3 1 10 0 4 8 11 2 10 1 5 5 7 11 11 9 2 6 7 3 3 10 0 5 8 8 10 7 4 8 10 10 6 5 3 10 11 3 8 1,0,100001,-1,-1,21,12.32866894
280.019836,45,7 7 8 5 4 2 0 11 1 0 10 5 5 6 1 0 5 0 3 2 5 10 0 3 11 9 10 9 6 1 2 9 4 6 7 5 4 0 4 0 10 3 8 6 4,1,98690,65,17,21,13.48588729
82.698605,45,8 1 6 3 3 4 11 2 11 10 1 4 8 6 5 1 8 4 1 0 3 3 4 11 7 0 3 8 3 8 0 9 7 4 1 2 9 2 11 3 4 4 2 5 1,1,59256,77,13,21,13.37184792
21.765569,45,0 7 9 4 0 0 7 2 3 11 7 0 1 6 8 3 2 2 9 8 10 7 4 0 9 1 4 5 5 4 0 0 5 7 10 9 9 8 1 8 0 1 0 2 0,1,18392,45,13,19,10.8586308
281.021855,45,7 10 2 3 0 11 3 4 11 7 0 9 6 1 11 11 6 4 0 10 6 4 7 9 7 0 7 7 3 5 8 6 1 3 3 7 4 8 7 2 5 10 0 2 3,0,100001,-1,-1,22,13.97924632
115.286454,46,4 9 4 1 0 2 0 3 1 1 1 6 4 8 1 0 4 2 11 10 5 6 9 2 5 3 0 3 5 7 3 7 4 3 5 6 11 9 1 9 9 5 9 9 1 1,1,71953,28,12,20,11.94167378
78.854274,46,3 10 11 7 5 5 3 0 0 2 11 0 7 5 4 6 4 3 6 11 11 2 6 9 7 8 1 1 9 5 9 10 7 8 1 0 8 3 0 10 9 7 0 1 6 4,1,49798,50,16,19,12.33982241
50.820544,46,7 8 10 2 9 2 10 5 2 5 9 5 0 9 7 3 2 7 7 4 7 5 10 8 4 8 4 0 8 10 6 7 7 9 9 8 8 5 0 1 6 6 9 11 10 11,1,42195,40,14,19,11.85676602
10.65722,46,0 11 1 11 9 0 10 0 3 3 4 5 8 4 2 11 0 8 10 6 5 6 2 0 2 3 8 5 4 4 11 1 6 3 6 4 5 0 11 2 10 2 4 2 9 6,1,11861,28,16,17,10.28415926
160.775176,46,2 4 5 9 10 8 9 8 3 10 3 0 1 8 1 10 10 7 11 7 11 10 8 0 1 4 4 3 11 10 7 10 8 6 8 5 4 7 4 1 2 6 1 2 1 0,1,76572,82,14,20,12.48981168
199.340993,46,0 9 7 3 2 11 10 7 10 10 5 8 3 8 10 7 3 5 1 6 8 8 11 10 6 11 2 11 1 6 4 9 2 9 6 9 11 4 7 9 6 2 2 7 11 6,0,100001,-1,-1,21,14.05633241
94.8628,46,11 2 4 9 6 3 2 10 1 5 4 3 7 7 3 0 0 7 0 2 4 3 2 1 2 0 3 1 1 1 8 8 5 8 1 8 5 5 3 7 8 6 5 2 5 9,1,58168,48,14,23,12.95491537
68.257013,46,10 6 5 0 3 10 8 8 5 9 1 3 1 3 7 8 3 6 7 10 1 11 4 8 0 11 8 6 1 1 5 2 6 7 0 11 4 6 9 11 7 3 4 3 10 10,1,48385,26,14,20,11.75272723
69.020793,46,1 9 7 7 4 9 5 10 7 7 10 7 9 0 0 5 10 8 5 4 6 7 9 1 11 6 10 10 8 11 9 1 2 1 5 0 2 9 4 1 2 1 1 5 0 1,1,50088,58,12,24,12.33970683
28.972558,46,5 5 5 2 7 6 4 8 11 8 6 8 3 10 8 6 10 7 4 3 0 10 8 3 5 2 10 8 3 6 7 11 6 11 4 4 0 7 11 1 9 5 3 8 1 6,1,18143,70,12,19,12.35933779
172.279933,46,1 1 5 3 2 0 3 0 11 2 1 5 2 3 10 9 0 1 9 10 2 5 4 9 10 11 7 2 2 1 8 4 4 11 11 4 0 7 2 7 10 0 10 9 5 4,0,100001,-1,-1,21,13.28223657
2.748967,46,5 9 11 1 0 7 9 8 3 6 8 7 11 0 1 0 4 2 2 5 6 7 11 6 4 2 11 4 7 10 1 9 7 10 11 1 0 0 8 11 10 2 6 9 0 5,1,3031,42,8,14,8.284333735
38.450122,46,7 4 11 11 9 1 11 11 4 9 9 4 4 4 5 10 9 0 0 11 3 11 9 10 10 2 11 11 7 5 6 11 3 6 1 10 7 10 3 11 10 11 3 0 2 3,1,27816,156,14,18,11.66553517
130.191381,46,3 0 0 2 1 4 4 5 10 10 11 11 4 8 8 10 9 4 3 10 11 8 7 2 5 6 4 11 1 5 4 4 4 7 2 1 1 0 4 1 10 3 6 7 9 8,1,77294,40,14,22,13.51198665
25.437141,46,1 9 11 10 1 6 10 0 3 11 2 3 0 4 4 4 9 10 11 8 4 1 11 7 9 11 0 7 9 10 11 4 7 4 7 10 7 0 4 5 10 7 11 7 4 6,1,20556,36,12,22,12.14919198
5.070331,46,3 4 7 3 10 6 10 8 1 1 5 2 10 7 10 9 0 7 5 6 1 9 8 8 1 5 2 1 2 10 3 1 6 5 4 3 5 8 1 6 9 10 9 6 11 1,1,5762,34,12,16,9.734125936
35.929489,46,2 9 5 3 2 5 5 0 7 5 7 5 3 5 2 10 9 2 5 8 8 7 0 2 5 2 3 11 0 8 4 8 3 8 3 1 4 5 0 1 2 6 7 5 7 4,1,39273,26,14,19,11.25920499
125.146727,46,10 11 2 7 9 10 7 7 5 4 6 8 5 7 10 1 5 8 1 11 7 5 3 8 4 0 1 4 7 4 7 6 1 0 10 9 0 4 8 1 10 11 9 2 2 5,0,100001,-1,-1,21,12.4449448
27.996017,46,0 1 3 0 3 8 9 4 5 1 10 1 4 6 7 7 8 6 7 4 6 7 6 4 6 11 0 3 8 7 8 9 4 5 8 0 8 1 2 7 9 1 1 9 6 4,1,24298,92,14,19,11.07497728
152.361081,46,8 11 0 8 8 9 4 11 2 3 8 3 7 6 8 0 2 5 9 0 2 3 6 5 2 1 10 3 4 8 3 11 4 11 10 6 4 0 9 9 9 0 9 9 7 0,1,68596,76,12,23,13.2214294
303.637016,47,7 6 1 8 11 9 9 11 11 3 0 0 2 0 2 1 6 9 2 4 6 9 11 0 9 11 0 4 11 7 5 7 8 4 5 7 0 11 10 2 5 5 4 9 2 10 6,0,100001,-1,-1,20,13.03830914
158.038073,47,4 6 11 4 7 9 9 0 3 8 10 6 5 0 3 7 8 1 6 3 3 0 11 6 6 4 11 7 7 4 11 1 2 10 9 7 6 5 7 10 5 7 9 4 2 3 8,1,93938,43,13,20,12.53967084
62.33975,47,10 6 10 1 11 1 10 5 0 4 0 8 0 9 1 2 4 1 0 10 10 6 5 3 7 9 6 11 4 7 10 10 9 6 4 0 11 7 0 10 5 0 4 8 11 2 10,1,56012,29,13,22,12.55473182
15.343516,47,7 2 9 0 2 6 1 4 5 8 9 8 7 10 11 3 1 2 7 9 6 5 9 4 9 1 4 0 5 2 2 10 1 11 8 7 11 2 10 6 4 5 4 9 7 5 2,1,7103,61,9,17,10.38070799
55.496564,47,0 3 3 4 2 3 8 11 11 3 1 5 5 1 11 8 7 7 2 11 7 3 6 1 9 1 1 1 11 6 3 3 6 3 8 5 2 6 8 10 7 7 9 4 8 10 8,1,55121,27,15,19,12.05131043
11.976429,47,7 10 9 4 2 6 9 4 0 4 5 10 7 3 4 3 4 2 5 10 9 2 11 6 5 9 4 11 6 10 0 0 3 0 7 3 2 6 11 1 0 2 11 11 6 11 4,1,9381,31,13,16,10.09193506
8.337728,47,8 7 8 6 3 4 5 2 10 9 11 4 6 7 11 3 7 3 4 1 0 5 9 4 0 9 6 11 4 2 2 11 2 9 1 5 3 2 11 11 7 6 7 6 4 0 1,1,8624,21,11,16,10.7683481
110.054276,47,5 10 11 11 3 11 0 2 0 0 7 9 5 8 9 11 3 4 0 2 2 2 3 7 2 2 1 1 10 7 4 7 6 1 6 7 5 6 4 5 10 1 9 5 4 9 4,0,100001,-1,-1,22,11.99992557
72.87321,47,2 6 4 3 6 3 3 2 10 0 3 0 5 2 5 3 4 11 1 8 6 1 8 1 9 7 11 2 10 10 11 9 2 11 4 4 0 5 3 8 4 4 6 1 5 8 8,1,57644,91,15,20,11.84643413
60.583728,47,0 3 5 8 6 7 3 5 3 4 5 7 8 6 3 2 3 8 8 8 11 8 6 4 8 6 4 1 5 9 11 4 8 5 10 6 6 7 7 11 8 0 10 3 8 11 11,1,43753,41,15,20,12.78433126
85.727507,47,0 10 9 0 4 1 10 2 4 9 5 10 9 5 6 7 6 10 8 4 7 5 8 9 5 7 8 9 6 2 0 3 11 2 2 11 2 10 10 8 11 0 7 9 0 1 5,1,58914,29,11,18,11.71183667
121.180246,47,9 4 8 0 0 0 8 5 9 0 10 0 4 2 1 5 1 11 0 11 10 11 8 10 2 3 1 5 7 10 7 5 9 9 8 7 10 2 9 6 1 10 3 5 3 6 3,0,100001,-1,-1,22,12.56847058
98.835244,47,1 6 2 3 10 0 11 1 8 0 1 9 6 10 1 9 7 11 6 5 3 2 3 3 3 1 4 9 0 10 10 5 7 11 4 11 7 8 4 9 1 4 8 7 9 1 8,1,60730,45,13,20,12.47567271
34.313602,47,9 9 9 11 2 6 6 2 0 5 6 11 3 2 9 11 2 7 5 5 7 4 3 4 9 11 11 8 4 3 11 8 4 6 2 3 11 8 6 1 3 4 6 5 8 8 3,1,34028,45,13,20,12.40327136
129.916312,47,9 0 11 9 1 1 0 0 11 4 6 4 1 1 8 9 11 0 11 7 0 3 2 4 2 10 3 8 5 0 10 2 0 11 6 5 7 8 0 10 7 0 3 6 11 1 9,1,88621,51,13,20,12.60874652
310.667691,47,2 4 7 8 9 9 2 3 7 4 11 10 7 6 3 10 11 0 9 9 10 7 5 10 2 5 1 1 3 0 5 3 6 10 0 0 10 2 9 5 2 5 6 5 8 5 2,0,100001,-1,-1,22,13.72639505
139.548729,47,6 4 3 8 3 7 11 2 9 9 9 2 5 7 3 2 6 8 8 10 10 0 7 10 1 8 7 4 8 9 5 4 11 6 8 4 7 4 7 7 7 2 9 7 6 2 11,0,100001,-1,-1,20,12.21858187
16.367432,47,0 3 1 5 7 7 6 3 6 6 9 1 6 11 6 8 1 1 10 2 10 6 11 9 0 8 10 2 7 7 5 9 10 10 2 2 2 1 6 11 8 8 4 6 10 1 4,1,15184,41,15,21,13.54942045
160.44858,47,7 0 9 11 1 10 1 9 10 11 11 1 8 5 8 6 11 7 5 2 3 6 7 6 8 10 6 3 10 7 0 1 8 9 2 9 10 10 7 0 8 5 7 10 0 4 0,0,100001,-1,-1,21,13.22528778
19.288619,47,7 4 7 2 5 8 5 1 3 1 3 1 5 1 6 8 5 4 5 9 7 6 1 10 6 3 5 8 6 4 2 7 2 2 7 6 2 0 0 7 3 5 10 3 8 11 1,1,9908,143,15,17,10.79141083
11.446818,48,5 9 0 10 2 11 8 7 8 0 4 11 1 3 0 1 2 1 2 7 4 3 8 3 8 9 10 8 9 5 6 7 5 4 8 8 0 2 10 3 10 2 10 11 1 4 3 11,1,8635,80,10,18,10.28460358
131.001628,48,2 3 8 10 6 2 1 10 3 0 7 2 3 10 1 0 4 4 8 8 7 5 7 8 5 4 2 9 7 10 11 1 2 10 7 6 8 1 11 3 11 11 9 5 3 10 9 1,0,100001,-1,-1,22,13.25694432
160.028701,48,1 6 5 4 7 4 7 3 6 6 3 6 1 10 11 10 1 9 11 6 3 8 4 8 8 7 10 9 11 8 11 9 10 10 11 6 5 9 8 11 2 7 2 11 2 3 3 2,0,100001,-1,-1,23,12.7530602
25.846122,48,3 5 5 1 3 2 0 2 3 3 1 4 8 9 7 6 5 5 4 1 8 1 1 1 11 8 9 9 5 6 11 6 2 4 7 4 7 7 6 4 3 2 9 4 4 11 9 6,1,23378,40,14,18,11.2858429
20.287775,48,11 9 9 6 2 0 7 7 2 9 10 11 10 3 1 5 9 2 4 6 2 3 11 1 8 3 0 8 0 0 2 0 9 8 7 4 5 3 7 0 0 7 7 8 8 3 6 10,1,19902,38,14,17,10.26485422
159.618999,48,0 8 4 7 9 6 10 0 9 0 3 5 6 2 1 2 11 7 4 5 5 10 3 2 0 5 3 1 8 4 6 2 10 0 5 7 3 3 10 9 10 5 0 3 2 9 10 9,0,100001,-1,-1,22,12.99266242
74.958243,48,9 10 0 0 3 10 0 11 6 9 11 10 2 10 10 7 11 10 11 2 10 9 0 3 0 0 0 3 1 11 9 5 8 11 3 5 8 4 8 3 6 9 0 0 2 6 6 7,1,48787,12,10,20,12.28805785
12.453843,48,3 10 11 0 5 4 6 5 6 2 6 11 1 4 3 8 4 11 0 11 11 11 7 8 7 3 5 1 2 6 6 9 5 4 6 3 6 8 10 9 11 8 1 2 5 7 11 6,1,12682,16,12,17,10.32193661
23.700391,48,2 5 3 4 7 8 10 10 5 5 0 4 2 11 2 6 10 1 5 2 10 1 6 2 10 9 1 2 1 8 7 4 11 10 7 10 9 11 11 2 3 4 5 9 4 1 4 3,1,14237,20,12,18,10.89991705
66.997194,48,11 9 0 3 3 11 10 7 10 11 6 3 4 4 9 9 1 4 3 2 6 5 2 9 1 0 8 0 2 4 11 3 2 2 4 5 9 8 7 8 9 2 1 1 4 2 6 1,1,43265,248,12,20,12.09990251
157.684795,48,3 0 2 11 7 6 10 6 11 4 7 2 6 4 2 11 1 9 10 0 0 8 1 10 11 9 5 7 3 6 3 6 1 1 1 10 2 7 5 1 2 9 0 8 8 8 8 6,0,100001,-1,-1,21,12.70332993
14.580838,48,10 6 10 10 11 11 3 1 2 9 0 7 4 11 11 2 4 0 1 6 4 6 5 3 11 10 5 2 9 6 6 2 0 2 6 10 0 11 6 9 1 4 9 2 5 0 10 0,1,10235,110,10,19,12.09789654
21.358019,48,1 10 5 2 0 3 8 8 4 9 11 3 2 6 3 2 0 0 2 10 5 2 11 0 3 4 9 11 6 8 1 2 0 1 6 11 7 9 7 4 5 3 2 5 4 1 6 2,1,20833,30,16,20,11.10135487
19.130305,48,9 11 11 0 5 0 11 7 10 3 0 11 10 8 6 9 11 2 0 9 4 3 2 9 10 5 7 6 7 2 4 2 3 0 11 7 8 6 8 10 9 5 7 4 3 11 9 10,1,13411,58,14,18,11.08092763
1.697858,48,2 10 7 9 11 4 3 1 5 2 11 1 0 11 10 6 8 6 2 11 6 5 0 0 10 5 0 5 8 7 2 3 0 4 8 8 10 10 5 1 10 8 3 5 10 2 3 2,1,2290,34,10,14,8.382159382
107.987529,48,6 5 7 10 7 5 8 4 4 1 8 5 4 7 9 11 1 11 8 5 10 2 7 0 1 3 0 3 6 8 11 1 6 5 6 3 8 3 11 1 11 6 6 6 5 2 9 7,1,88761,74,14,20,12.56998665
75.191875,48,7 7 3 2 6 4 4 11 1 6 6 1 8 5 4 9 2 4 11 9 8 8 10 5 0 1 8 10 3 11 11 0 8 10 10 2 1 5 10 10 5 0 4 4 1 10 2 3,1,48520,58,18,20,12.02404139
13.929013,48,10 3 3 6 1 9 9 10 2 4 9 5 4 2 9 10 11 0 1 3 6 3 0 2 4 5 4 3 7 11 7 7 11 10 2 6 10 1 0 10 7 0 7 8 4 6 9 2,1,10937,12,12,22,12.49128954
32.161609,48,4 1 11 10 2 1 11 3 1 11 6 3 5 1 10 5 8 8 0 10 0 5 4 1 8 6 5 10 1 8 9 11 6 10 0 7 10 2 1 0 8 9 0 4 11 10 1 4,1,28602,38,16,18,11.39857043
39.733773,48,11 8 7 10 0 0 10 0 11 0 9 10 6 11 3 6 2 4 1 8 6 6 2 10 3 1 4 4 6 6 4 6 9 1 9 5 1 5 8 4 0 5 6 2 2 10 9 2,1,36500,116,14,20,11.29071122
7.424431,49,5 3 0 2 3 7 0 5 6 3 7 4 8 9 2 6 9 0 2 4 6 8 0 2 2 4 9 6 8 1 9 8 4 5 10 6 1 4 7 11 1 11 11 8 9 9 8 8 11,1,8716,39,13,15,9.298014227
71.812456,49,0 2 11 11 6 5 0 4 1 0 11 0 3 4 5 1 10 3 0 1 6 4 5 5 3 10 11 10 10 8 8 1 6 5 6 9 10 1 1 4 2 1 1 10 3 7 4 8 9,1,37655,71,15,21,12.80182566
43.583802,49,9 1 1 10 6 6 1 0 9 10 5 1 6 9 9 11 9 11 10 1 1 3 3 4 11 1 11 9 11 2 3 8 9 1 1 4 5 3 10 6 11 2 0 10 5 1 8 6 7,1,32973,79,15,20,11.9803175
102.603663,49,10 6 8 7 3 8 11 3 2 10 2 10 8 3 6 1 6 5 8 7 8 11 10 9 2 3 4 0 5 8 5 3 6 7 9 1 9 1 1 6 11 10 6 10 5 9 9 2 6,1,71993,61,15,23,13.25628471
7.886872,49,4 11 7 7 8 10 11 0 9 7 10 8 8 1 9 11 7 8 9 0 5 4 0 4 7 2 10 5 7 8 7 8 10 8 6 6 11 1 1 6 8 8 1 8 3 2 10 9 10,1,5177,125,9,15,10.1006679
107.926721,49,2 7 11 7 5 8 1 2 10 9 5 6 2 1 1 3 8 10 0 8 10 8 7 2 3 5 5 9 5 4 8 7 9 2 11 1 1 0 3 8 1 0 11 2 5 7 4 7 3,1,58985,127,15,24,13.47140518
67.181234,49,10 0 0 11 11 1 10 0 2 2 3 3 6 6 6 3 11 6 1 4 5 10 5 5 5 8 5 2 11 7 9 7 4 2 10 11 1 0 11 4 11 1 11 9 4 4 4 3 3,1,47539,61,15,19,11.56455798
104.447873,49,3 4 9 10 10 3 1 9 10 2 0 1 6 11 7 8 10 7 7 2 6 6 5 7 0 3 2 6 1 6 9 6 10 3 10 2 10 9 4 11 8 11 7 11 6 7 9 1 4,1,76357,65,13,20,12.77261607
94.166078,49,5 2 0 3 1 9 7 9 5 2 1 8 11 3 6 5 7 2 2 7 5 4 0 4 5 9 4 9 5 9 11 8 4 11 1 9 5 4 7 0 0 0 0 3 10 5 0 4 2,1,85122,55,15,21,11.74653975
2.15166,49,5 5 7 0 3 11 10 6 3 2 0 11 10 6 10 0 8 6 10 11 10 9 2 11 8 4 8 0 10 3 8 1 5 3 7 2 9 4 3 8 3 7 0 4 7 3 7 7 9,1,2226,21,15,16,9.897080551
0.744093,49,10 11 3 10 9 11 0 11 0 1 3 1 1 2 6 8 6 8 7 0 7 3 8 5 0 0 4 9 6 3 10 6 5 4 0 2 5 9 2 6 8 1 0 4 3 2 0 9 6,1,1242,9,9,13,7.347298143
159.646842,49,3 11 11 2 9 7 2 5 9 8 9 6 7 4 6 10 8 6 3 2 10 3 5 2 3 6 10 8 8 4 6 9 2 4 4 0 9 11 4 1 5 8 4 1 1 9 2 5 2,0,100001,-1,-1,21,12.67565745
2.324259,49,3 11 10 0 2 7 5 0 4 4 3 5 10 10 0 4 7 7 0 2 4 1 3 7 0 2 7 2 5 7 7 5 5 2 6 2 2 3 1 10 5 2 4 1 4 7 8 8 1,1,2311,39,11,14,8.7039092
83.3705,49,9 6 1 5 10 2 5 4 0 10 10 10 9 8 9 8 0 7 4 9 0 1 8 9 9 11 4 5 4 5 1 8 10 9 5 1 6 3 5 9 5 5 5 10 3 4 11 4 5,1,64900,123,13,21,12.55964645
35.393454,49,1 10 7 11 0 11 9 6 7 4 2 3 6 7 0 4 4 5 6 10 11 2 4 11 0 5 3 4 1 3 5 9 11 9 4 2 10 10 1 11 0 7 5 10 5 9 11 3 5,1,23036,55,11,21,14.289801
51.275575,49,5 4 9 5 2 6 8 9 1 5 2 9 10 1 10 5 7 4 5 3 6 10 9 10 5 2 3 6 9 0 1 4 8 9 5 1 0 7 9 10 7 11 9 11 0 0 5 5 1,1,35431,97,13,20,11.55887843
34.314027,49,4 1 0 8 4 8 7 9 4 2 3 10 2 3 1 11 0 7 10 7 0 8 11 2 4 5 6 11 9 5 3 10 1 9 7 2 7 0 9 6 7 9 0 0 10 11 7 3 8,1,26417,47,9,19,11.41213907
218.835588,49,11 4 6 7 7 9 5 2 7 4 5 8 7 9 5 8 6 6 2 2 7 8 5 4 0 1 3 1 1 3 0 7 5 8 11 2 6 8 5 9 1 11 2 5 3 8 3 1 3,0,100001,-1,-1,21,13.30325737
66.921044,49,8 1 8 9 0 7 2 1 2 4 6 8 4 8 0 11 10 1 11 3 11 9 8 11 11 6 5 9 9 11 2 5 10 9 7 3 7 2 3 6 9 4 1 2 6 9 0 11 4,1,55509,19,13,20,12.34631143
71.911152,49,11 4 5 6 1 3 3 1 5 7 11 3 5 5 6 7 9 2 11 7 11 10 5 0 11 9 6 7 9 7 8 5 6 10 6 6 8 7 6 6 8 10 3 0 4 11 11 2 6,1,56829,51,13,20,11.74178438
129.917311,50,9 2 6 5 6 7 3 11 8 6 7 7 11 1 6 8 6 1 10 5 8 1 10 8 3 8 11 7 5 3 10 6 10 3 7 9 11 8 1 1 9 7 9 5 7 11 9 0 3 0,1,96493,50,16,19,12.44102479
125.768944,50,8 6 5 6 10 6 8 1 0 8 6 6 1 5 6 10 3 11 4 8 4 11 3 1 2 11 11 10 11 7 10 7 2 1 11 11 8 6 7 2 6 4 9 2 2 0 1 11 0 8,1,90118,130,12,22,12.80865282
117.637411,50,4 3 7 7 9 7 3 4 5 1 2 10 1 0 7 10 9 9 4 0 5 10 3 10 10 7 4 1 5 8 3 5 9 0 8 8 11 4 2 5 9 10 10 10 5 2 9 2 2 2,1,93653,22,14,20,12.32654087
165.154972,50,11 4 3 5 2 3 11 4 0 3 10 5 4 5 10 9 11 8 4 9 4 0 10 3 5 8 10 8 5 2 2 4 6 9 11 6 8 0 2 0 5 3 11 3 0 11 6 9 7 10,0,100001,-1,-1,21,12.61507597
7.380018,50,8 7 5 4 3 7 11 9 6 11 11 6 2 6 5 10 6 2 4 11 9 11 6 6 8 6 6 4 0 3 0 8 4 6 11 4 3 3 7 4 11 8 3 2 3 4 4 9 5 5,1,8022,32,10,16,9.77300727
83.355542,50,2 0 11 4 6 6 11 1 4 2 4 0 9 2 0 11 2 3 6 3 6 3 7 0 2 0 1 2 1 10 10 8 1 0 10 2 4 11 0 11 10 3 0 9 9 6 1 5 2 7,1,61826,16,8,19,11.40351494
10.704143,50,2 10 9 4 8 6 2 9 10 0 4 9 9 2 5 5 2 10 3 10 9 2 10 9 8 8 8 6 4 4 7 5 5 4 4 2 4 3 11 4 5 5 5 1 11 6 2 9 5 9,1,10251,28,12,17,10.49796372
203.537593,50,1 1 8 1 3 3 0 7 0 10 6 1 2 5 3 2 0 7 0 8 0 1 11 0 2 9 10 9 6 2 5 8 9 1 6 2 2 0 8 4 0 0 5 9 4 4 6 6 3 11,0,100001,-1,-1,20,12.50469851
5.290866,50,9 5 8 1 6 9 1 5 4 4 5 9 4 8 0 5 6 2 11 6 4 5 9 0 10 6 4 7 6 2 0 0 3 3 11 11 7 0 3 10 1 11 1 2 4 3 11 3 0 5,1,4285,42,8,15,9.514237407
202.177725,50,6 10 10 5 3 6 8 0 3 4 11 7 8 3 1 6 3 11 9 8 11 2 9 6 9 11 9 9 11 2 11 7 5 0 10 9 9 1 2 7 8 3 1 8 6 11 10 6 9 1,0,100001,-1,-1,21,13.62221498
123.758576,50,10 11 3 8 5 4 0 11 4 7 3 8 7 2 3 0 9 0 8 0 0 1 8 6 5 9 1 6 6 4 3 8 1 0 2 7 0 7 6 11 2 1 2 2 9 6 9 2 2 10,1,92395,62,14,20,12.2288668
55.772636,50,8 11 0 8 0 1 3 4 8 6 4 0 2 3 3 8 10 5 6 4 9 1 1 6 3 0 0 5 6 8 3 3 2 1 9 9 11 2 11 2 1 9 4 2 7 7 11 11 10 3,1,33460,38,16,20,12.60904952
139.402795,50,9 10 11 3 1 1 0 9 7 9 0 4 9 9 0 8 10 5 3 10 3 3 0 5 1 5 6 6 11 4 0 10 6 4 6 11 0 5 6 3 3 7 9 7 4 9 4 4 9 10,0,100001,-1,-1,22,12.96389107
269.779133,50,4 5 10 7 4 5 6 1 3 2 1 4 3 5 9 1 3 8 0 8 3 2 1 9 11 11 7 8 3 8 7 0 11 6 3 6 8 4 7 6 10 5 0 10 2 4 6 2 6 10,0,100001,-1,-1,21,12.2292072
228.86356,50,4 6 3 5 10 5 10 3 0 0 7 11 3 8 9 2 10 10 3 5 1 6 9 4 4 6 3 5 9 10 2 6 4 6 5 7 8 5 7 5 9 9 2 2 6 5 1 1 8 9,0,100001,-1,-1,21,12.71372617
1.550517,50,0 4 6 2 1 5 10 6 11 6 9 2 10 10 2 1 8 5 8 1 6 3 4 7 0 7 5 5 5 6 5 8 7 7 0 9 1 2 6 11 3 1 5 4 6 4 11 8 0 4,1,1647,28,10,12,7.516782139
62.744761,50,9 6 8 8 0 11 4 3 5 5 0 10 10 0 4 11 6 11 8 9 1 9 2 4 2 2 9 11 4 4 7 5 8 1 10 6 8 7 4 6 3 5 9 4 4 7 7 3 1 2,1,42229,80,12,19,12.03622457
9.461984,50,9 6 5 1 2 4 0 0 5 7 7 8 4 11 0 10 1 11 8 0 3 3 0 7 7 8 10 9 7 0 7 2 11 2 10 5 10 11 3 10 8 7 4 11 3 11 4 1 1 11,1,7729,54,10,19,11.60881307
139.76509,50,9 9 11 8 3 8 1 4 9 10 0 7 0 0 4 2 3 8 8 6 5 2 1 3 6 11 4 3 10 1 9 7 9 8 7 11 11 3 2 7 2 9 5 7 0 2 10 8 5 4,0,100001,-1,-1,21,12.5004146
155.477845,50,0 8 8 11 0 2 9 9 9 1 3 8 1 11 2 11 1 9 0 2 1 11 9 6 7 10 3 3 0 3 1 9 11 11 0 1 6 9 2 10 9 11 6 3 8 7 3 10 9 11,0,100001,-1,-1,20,12.96899469
